fips,population,area,density
0,318857056,3531905.43,87.4
1000,4849377,50645.33,94.4
1001,55395,594.44,91.8
1003,200111,1589.78,114.6
1005,26887,884.88,31
1007,22506,622.58,36.8
1009,57719,644.78,88.9
1011,10764,622.81,17.5
1013,20296,776.83,27
1015,115916,605.87,195.7
1017,34076,596.53,57.4
1019,26037,553.7,46.9
1021,43931,692.85,63
1023,13323,913.5,15.2
1025,24945,1238.47,20.9
1027,13552,603.96,23.1
1029,15080,560.1,26.7
1031,50909,678.97,73.6
1033,54543,592.62,91.8
1035,12670,850.16,15.6
1037,10886,650.93,17.7
1039,37914,1030.46,36.6
1041,13977,608.84,22.8
1043,81289,734.84,109.4
1045,49484,561.15,89.6
1047,41711,978.7,44.8
1049,71065,777.09,91.5
1051,80977,618.49,128.2
1053,37733,945.08,40.5
1055,103531,534.99,195.2
1057,16874,627.66,27.5
1059,31601,633.82,50
1061,26712,574.41,46.6
1063,8553,647.11,14
1065,15184,643.94,24.5
1067,17190,561.75,30.8
1069,104193,579.82,175.1
1071,52665,1077.87,49.4
1073,660793,1111.28,592.5
1075,14086,604.85,24.1
1077,93096,667.7,138.8
1079,33477,690.68,49.7
1081,154255,607.54,230.8
1083,90787,559.94,147.8
1085,10580,715.91,15.8
1087,19425,608.89,35.2
1089,350299,801.59,417.7
1091,20110,976.88,21.5
1093,30271,742.29,41.5
1095,94636,565.84,164.4
1097,415123,1229.44,335.9
1099,21947,1025.68,22.5
1101,226189,784.25,292.5
1103,119607,579.34,206.3
1105,9826,719.66,14.7
1107,20365,881.41,22.4
1109,33389,672.09,48.9
1111,22539,580.55,39.5
1113,59608,641.14,82.6
1115,86697,631.9,132.3
1117,206655,784.93,248.5
1119,13166,903.89,15.2
1121,81322,736.78,111.7
1123,41165,716.52,58.1
1125,202212,1321.76,147.3
1127,65471,791.19,84.7
1129,16834,1080.21,16.3
1131,11098,888.5,13.1
1133,24150,612.98,39.9
2000,736732,570640.95,1.2
2013,3360,6981.94,0.4
2016,5750,4390.28,1.3
2020,301010,1704.68,171.2
2050,17868,40570,0.4
2060,957,503.84,2
2068,1921,12751.41,0.1
2070,4988,18568.78,0.3
2090,99357,7338.21,13.3
2100,2566,2318.6,1.1
2105,2082,7524.92,0.3
2110,32406,2701.93,11.6
2122,57477,16075.33,3.4
2130,13787,4858.41,2.8
2150,13986,6549.58,2.1
2164,1631,23652.01,0.1
2170,97882,24607.9,3.6
2180,9817,22961.76,0.4
2185,9703,88695.41,0.1
2188,7717,35572.58,0.2
2195,3160,3281.98,1.2
2198,6396,3922.87,1.4
2220,8900,2870.34,3.1
2230,1036,452.33,2.1
2240,6931,24768.81,0.3
2261,9488,34239.88,0.3
2270,8010,17081.43,0.4
2275,2364,2541.48,0.9
2282,635,7649.46,0.1
2290,5547,145504.79,0
4000,6731484,113594.08,56.3
4001,71828,11197.52,6.4
4003,127448,6165.69,21.3
4005,137682,18618.89,7.2
4007,53119,4757.93,11.3
4009,37957,4622.6,8.1
4011,9346,1843.13,4.6
4012,20231,4499.63,4.6
4013,4087191,9200.14,414.9
4015,203361,13311.08,15
4017,108101,9950.42,10.8
4019,1004516,9187.04,106.7
4021,401918,5365.61,70
4023,46695,1236.92,38.3
4025,218844,8123.5,26
4027,203247,5513.99,35.5
5000,2966369,52035.48,56
5001,18594,988.77,19.2
5003,20948,925.35,23.6
5005,40857,554.28,74.9
5007,242321,847.36,261.2
5009,37196,590.23,62.5
5011,11148,649.23,17.7
5013,5202,628.58,8.5
5015,27744,630.09,43.6
5017,11180,644.3,18.3
5019,22576,866.07,26.6
5021,15118,639.47,25.2
5023,25634,553.69,46.9
5025,8449,597.78,14.5
5027,23933,766.05,32.1
5029,21083,552.25,38.5
5031,102518,707.21,136.4
5033,61697,593.09,104.4
5035,49548,609.76,83.5
5037,17227,616.38,29
5039,7755,667.39,12.2
5041,12264,768.15,16.9
5043,18622,828.36,22.3
5045,120768,647.88,174.8
5047,17805,608.86,29.8
5049,12125,618.19,19.8
5051,97322,677.78,141.7
5053,18144,631.81,28.3
5055,43694,577.7,72.9
5057,22327,727.52,31.1
5059,33368,615.2,53.5
5061,13500,588.55,23.4
5063,36959,763.95,48
5065,13486,580.58,23.6
5067,17534,633.94,28.4
5069,72297,870.75,88.9
5071,26005,659.8,38.7
5073,7111,528.27,14.5
5075,16931,587.61,29.6
5077,9860,602.62,17.3
5079,13970,561.52,25.2
5081,12532,532.25,24.7
5083,21958,708.13,31.6
5085,71557,770.73,88.7
5087,15740,834.26,18.8
5089,16367,597.01,27.9
5091,43428,625.58,69.5
5093,44235,900.57,51.6
5095,7582,607.12,13.4
5097,9082,779.88,12.2
5099,8723,617.84,14.6
5101,7904,820.9,10.1
5103,24828,732.78,35.6
5105,10245,551.4,18.9
5107,19930,695.66,31.3
5109,11024,600.62,18.8
5111,24246,758.39,32.4
5113,20225,857.68,24.1
5115,63201,812.55,76
5117,8304,647.96,13.4
5119,392702,759.76,503.8
5121,17571,652.19,27.6
5123,26899,634.77,44.5
5125,115719,723.6,148
5127,10693,892.32,12.6
5129,7929,666.1,12.3
5131,126776,531.91,236.4
5133,17426,565.13,30.2
5135,16906,604.44,28.6
5137,12494,606.41,20.4
5139,40227,1039.21,40.1
5141,16851,708.14,24.4
5143,220792,941.97,215.6
5145,78592,1035.08,74.5
5147,6910,586.79,12.4
5149,21951,929.98,23.9
6000,38802500,155779.22,239.1
6001,1610921,739.02,2043.6
6003,1116,738.33,1.6
6005,36742,594.58,64.1
6007,224241,1636.46,134.4
6009,44624,1020.01,44.7
6011,21419,1150.73,18.6
6013,1111339,715.94,1465.2
6015,27212,1006.37,28.4
6017,183087,1707.88,106
6019,965974,5957.99,156.2
6021,27955,1313.95,21.4
6023,134809,3567.99,37.7
6025,179091,4176.6,41.8
6027,18410,10180.88,1.8
6029,874589,8131.92,103.3
6031,150269,1389.42,110.1
6033,64184,1256.46,51.5
6035,31749,4541.18,7.7
6037,10116705,4057.88,2419.6
6039,154548,2137.07,70.6
6041,260750,520.31,485.1
6043,17682,1448.82,12.6
6045,87869,3506.34,25.1
6047,266353,1934.97,132.2
6049,9023,3917.77,2.5
6051,13997,3048.98,4.7
6053,431344,3280.6,126.5
6055,141667,748.36,182.4
6057,98893,957.77,103.1
6059,3145515,790.57,3807.7
6061,371694,1407.01,247.6
6063,18606,2553.04,7.8
6065,2329271,7206.48,303.8
6067,1482026,964.64,1470.8
6069,58267,1388.71,39.8
6071,2112619,20056.94,101.5
6073,3263431,4206.63,735.8
6075,852469,46.87,17179.1
6077,715597,1391.32,492.6
6079,279083,3298.57,81.7
6081,758581,448.41,1602.2
6083,440668,2735.09,155
6085,1894605,1290.1,1381
6087,271804,445.17,589.4
6089,179804,3775.4,46.9
6091,3003,953.21,3.4
6093,43628,6277.89,7.2
6095,431131,821.77,503
6097,500292,1575.85,307.1
6099,531997,1494.83,344.2
6101,95847,602.41,157.3
6103,63067,2949.71,21.5
6105,13170,3179.25,4.3
6107,458198,4824.22,91.7
6109,53831,2220.88,24.9
6111,846178,1843.13,446.7
6113,207590,1014.69,197.9
6115,73966,631.84,114.2
8000,5355866,103641.89,48.5
8001,480718,1167.65,378.2
8003,16177,722.64,21.4
8005,618821,798.1,716.7
8007,12244,1350.18,8.9
8009,3645,2554.97,1.5
8011,5630,1512.86,4.3
8013,313333,726.29,405.6
8014,62138,33.03,1691.9
8015,18363,1013.4,17.6
8017,1871,1778.28,1
8019,9187,395.23,23
8021,8265,1287.39,6.4
8023,3568,1226.95,2.9
8025,5360,787.42,7.4
8027,4361,738.63,5.8
8029,29870,1142.05,27.1
8031,663862,153,3922.6
8033,1978,1067.05,1.9
8035,314638,840.25,339.7
8037,52921,1684.53,31
8039,24195,1850.85,12.5
8041,663519,2126.8,292.6
8043,46502,1533.07,30.5
8045,57461,2947.56,19.1
8047,5851,149.9,36.3
8049,14546,1846.33,8
8051,15725,3239.1,4.7
8053,786,1117.25,0.8
8055,6462,1591,4.2
8057,1396,1613.72,0.9
8059,558503,764.21,699.5
8061,1402,1767.77,0.8
8063,8072,2160.82,3.8
8065,7357,376.91,19.4
8067,53989,1692.08,30.3
8069,324122,2596,115.4
8071,14052,4772.67,3.2
8073,5510,2577.63,2.1
8075,22524,1838.55,12.4
8077,148255,3328.97,44.1
8079,698,875.67,0.8
8081,12928,4743.29,2.9
8083,25772,2029.53,12.6
8085,40873,2240.7,18.4
8087,28328,1280.43,22
8089,18488,1261.96,14.9
8091,4629,541.59,8.2
8093,16345,2193.85,7.4
8095,4363,687.93,6.5
8097,17626,970.7,17.7
8099,12034,1638.4,7.7
8101,161875,2386.1,66.7
8103,6707,3220.93,2.1
8105,11607,911.96,13.1
8107,23865,2362.03,10
8109,6196,3168.53,1.9
8111,720,387.49,1.8
8113,7840,1286.61,5.7
8115,2348,548.04,4.3
8117,29404,608.36,46
8119,23389,557.06,41.9
8121,4780,2518.03,1.9
8123,277670,3987.24,63.4
8125,10202,2364.41,4.2
9000,3596677,4842.36,738.1
9001,945438,624.89,1467.2
9003,897985,735.1,1216.2
9005,184993,920.56,206.3
9007,164943,369.3,448.6
9009,861277,604.51,1426.7
9011,273676,664.88,412.2
9013,151367,410.21,372.2
9015,116998,512.91,230.9
10000,935614,1948.54,460.8
10001,171987,586.18,276.9
10003,552778,426.29,1263.2
10005,210849,936.08,210.6
11000,658893,61.05,9856.5
11001,658893,61.05,9856.6
12000,19893297,53624.76,350.6
12001,256380,875.02,282.7
12003,27093,585.23,46.3
12005,178985,758.46,222.6
12007,26702,293.96,97
12009,556885,1015.66,535
12011,1869235,1209.79,1444.9
12013,14532,567.33,25.8
12015,168474,680.28,235.2
12017,139377,581.7,242.8
12019,199798,604.36,315.8
12021,348777,1998.32,160.9
12023,67857,797.57,84.7
12027,35012,637.06,54.7
12029,15907,705.05,23.3
12031,897698,762.19,1133.9
12033,310659,656.46,453.4
12035,102408,485.46,197.1
12037,11815,534.73,21.6
12039,46281,516.33,89.8
12041,16997,349.68,48.4
12043,13635,806.01,16
12045,15944,564.01,28.1
12047,14048,513.79,28.8
12049,27469,637.78,43.5
12051,38505,1152.75,34
12053,175855,472.54,365.6
12055,98236,1016.62,97.2
12057,1316298,1020.21,1204.9
12059,19650,478.78,41.6
12061,144755,502.87,274.5
12063,48801,917.76,54.2
12065,14050,598.1,24.7
12067,8835,543.41,16.3
12069,315690,938.38,316.6
12071,679513,784.51,788.7
12073,283988,666.85,413.1
12075,39613,1118.21,36.5
12077,8360,835.56,10
12079,18518,695.95,27.6
12081,351746,742.93,434.5
12083,339167,1584.55,209.1
12085,153392,543.46,269.2
12086,2662874,1897.72,1315.5
12087,77136,983.28,74.3
12089,76619,648.64,113
12091,196512,930.25,194.4
12093,39149,768.91,52
12095,1253001,903.43,1268.5
12097,310211,1327.45,202.4
12099,1397710,1969.76,670.2
12101,485331,746.89,622.2
12103,938098,273.8,3347.5
12105,634638,1797.84,334.9
12107,72143,727.62,102.2
12109,217919,600.66,316.4
12111,291028,571.93,485.7
12113,163422,1011.61,149.6
12115,396962,555.87,682.6
12117,442516,309.22,1367
12119,114350,546.93,170.8
12121,44022,688.55,60.3
12123,22582,1043.31,21.6
12125,15190,243.56,63.8
12127,507531,1101.03,449.2
12129,31432,606.42,50.8
12131,61530,1037.63,53
12133,24451,582.8,42.7
13000,10097343,57513.49,168.4
13001,18540,507.08,36
13003,8223,339.38,24.7
13005,11281,258.58,42.9
13007,3255,341.94,10.1
13009,45909,257.84,177.3
13011,18295,232.09,79.3
13013,73240,160.31,432.7
13015,101736,459.54,217.9
13017,17464,250.12,70.5
13019,18700,451.9,42.7
13021,153905,249.76,622.8
13023,12795,215.87,60.5
13025,18417,442.36,41.6
13027,15418,493.05,32.9
13029,33906,435.97,69.3
13031,72087,672.81,104.4
13033,22709,826.97,28.2
13035,23368,184.39,128.3
13037,6463,280.37,23.9
13039,52027,613.03,82.4
13043,10888,243.04,45.3
13045,114093,499.08,221.5
13047,65621,162.16,394.3
13049,12897,773.58,15.7
13051,283379,426.44,621.7
13053,11837,248.74,45.3
13055,24939,313.34,83
13057,230985,421.67,508.3
13059,120938,119.2,979.1
13061,3102,195.38,16.3
13063,267542,141.57,1832.5
13065,6831,800.22,8.5
13067,730981,339.55,2026.4
13069,42811,575.1,73.7
13071,46102,544.15,83.6
13073,139257,290.09,427.6
13075,17214,227.16,75.8
13077,135571,440.89,288.8
13079,12387,324.89,38.9
13081,22934,272.58,86
13083,16389,173.98,95.6
13085,22957,210.83,105.9
13087,27220,597.14,46.6
13089,722161,267.58,2585.7
13091,20976,495.89,44
13093,14188,391.94,38.1
13095,92407,328.69,287.7
13097,138776,200.07,661.8
13099,10491,512.59,21.5
13101,4003,414.89,9.7
13103,55423,477.7,109.4
13105,19438,351.06,57.4
13107,22755,680.6,33.2
13109,10898,182.85,60.2
13111,23753,386.72,61.2
13113,109664,194.34,548.3
13115,96063,509.91,188.9
13117,204302,224.02,783.5
13119,22264,261.5,84.5
13121,996319,526.64,1748
13123,28829,426.54,66.3
13125,3053,143.74,21.4
13127,82175,419.75,189.7
13129,56047,355.81,155.1
13131,25359,454.53,55
13133,16490,387.44,41.3
13135,877922,430.38,1871.2
13137,43752,276.74,155.5
13139,190761,392.78,457.5
13141,8509,471.84,20
13143,28641,282.17,102
13145,32876,463.87,69
13147,25377,232.39,108.5
13149,11603,296.03,40
13151,213869,322.13,633
13153,149111,375.54,372.5
13155,9104,354.34,26.9
13157,61870,339.66,178.1
13159,13432,368.17,37.8
13161,14859,330.74,45.6
13163,16272,526.49,32.2
13165,9125,347.28,24
13167,9701,303.01,32.9
13169,28787,393.93,72.8
13171,18207,183.5,99.8
13173,10373,185.26,54.4
13175,47851,807.3,60
13177,29191,355.78,79.5
13179,65198,489.8,129.5
13181,7622,210.38,38
13183,17113,400.29,36.1
13185,113523,496.07,220.2
13187,31176,282.93,105.9
13189,21370,257.46,85
13191,14214,424.3,33.8
13193,13792,400.64,36.8
13195,28312,282.31,99.6
13197,8797,366,23.9
13199,21198,501.22,43.9
13201,5958,282.42,21.7
13205,22771,512.09,45.9
13207,27051,395.66,66.8
13209,8991,239.52,38.1
13211,17956,347.35,51.4
13213,39410,344.47,115
13215,200887,216.39,877.5
13217,103675,272.16,367.3
13219,35093,184.29,178
13221,14673,439.01,33.9
13223,148987,312.22,455.8
13225,26922,150.27,184.3
13227,29997,232.06,126.8
13229,18991,316.49,59.3
13231,17784,216.09,82.7
13233,41133,310.33,133.6
13235,11483,249.03,48.2
13237,21192,344.64,61.6
13239,2315,151.24,16.6
13241,16243,369.99,44
13243,7313,428.24,18
13245,201368,324.33,618.4
13247,87754,129.79,656.5
13249,5163,166.91,30
13251,14085,645.1,22.6
13253,8686,235.23,37.1
13255,63988,196.47,326.1
13257,25480,179.13,146.1
13259,5744,458.73,13.2
13261,31232,482.7,68
13263,6390,391.39,17.5
13265,1693,194.61,8.8
13267,25224,479.4,53.2
13269,8442,376.69,23.6
13271,16518,437.3,37.7
13273,9132,335.44,27.8
13275,44959,544.6,82.1
13277,40704,258.92,154.9
13279,27282,364.01,74.8
13281,11098,166.56,62.9
13283,6778,199.44,34.5
13285,69469,413.99,161.9
13287,8153,285.39,31.3
13289,8320,358.4,25.2
13291,21984,321.93,66.3
13293,26256,323.44,84
13295,68218,446.38,154
13297,87615,325.68,257.2
13299,35515,892.46,40.7
13301,5520,284.3,20.5
13303,20635,678.45,31.2
13305,29949,641.78,46.9
13307,2649,209.12,13.4
13309,7995,295.48,25.1
13311,27970,240.69,112.8
13313,103542,290.46,353.2
13315,8847,377.71,24.5
13317,9940,469.49,22.6
13319,9326,447.31,21.4
13321,20940,570.7,38
15000,1419561,6422.63,211.8
15001,194190,4028.42,45.9
15003,991788,600.74,1586.7
15005,89,11.99,7.5
15007,70475,619.96,108.2
15009,163019,1161.52,133.3
16000,1634464,82643.12,19
16001,426236,1052.58,372.8
16003,3861,1363.06,2.9
16005,83347,1111.99,74.5
16007,5957,974.79,6.1
16009,9118,776.62,12
16011,45269,2093.98,21.8
16013,21482,2643.59,8.1
16015,6824,1899.24,3.7
16017,41585,1734.57,23.6
16019,108623,1866.08,55.9
16021,10979,1268.56,8.6
16023,2622,2231.67,1.3
16025,1039,1074.49,1
16027,203143,587.37,321.6
16029,6837,1764.15,3.9
16031,23540,2565.08,8.9
16033,867,1764.19,0.6
16035,8562,2457.27,3.6
16037,4140,4920.94,0.9
16039,26094,3074.74,8.8
16041,13021,663.65,19.3
16043,12867,1863.53,7.1
16045,16866,560.9,29.8
16047,15064,728.97,21.2
16049,16215,8477.35,1.9
16051,27021,1093.5,23.9
16053,22818,597.19,37.5
16055,147326,1244.13,111.3
16057,38411,1076,34.6
16059,7726,4563.39,1.7
16061,3838,478.8,8
16063,5316,1201.41,4.3
16065,38038,469.21,80
16067,20323,757.59,26.5
16069,40007,848.09,46.3
16071,4184,1200.06,3.6
16073,11353,7665.51,1.5
16075,22836,406.87,55.6
16077,7617,1404.24,5.6
16079,12390,2629.67,4.9
16081,10341,449.46,22.6
16083,80914,1921.21,40.2
16085,9826,3664.52,2.7
16087,10021,1452.98,7
17000,12880580,55518.93,231.1
17001,66988,855.2,78.5
17003,7492,235.51,35
17005,17269,380.28,46.7
17007,53869,280.72,193
17009,6832,305.61,22.7
17011,33840,869.03,40.2
17013,4956,253.83,20
17015,14715,444.81,34.6
17017,13156,375.82,36.3
17019,207133,996.27,201.8
17021,33892,709.38,49.1
17023,16180,501.42,32.6
17025,13520,468.32,29.5
17027,37857,474.09,79.7
17029,53320,508.29,106
17031,5246456,945.33,5495.1
17033,19393,443.63,44.7
17035,10833,346.02,31.9
17037,105462,631.31,166.6
17039,16284,397.51,41.7
17041,19889,416.67,48
17043,932708,327.5,2799.8
17045,17841,623.37,29.8
17047,6617,222.42,30.2
17049,34320,478.78,71.5
17051,21870,716.48,30.9
17053,13688,485.62,29
17055,39411,408.89,96.8
17057,36007,865.6,42.8
17059,5291,323.07,17.3
17061,13434,543.02,25.6
17063,50425,418.04,119.8
17065,8296,434.67,19.5
17067,18564,793.73,24.1
17069,4129,177.53,24.3
17071,6916,378.87,19.3
17073,49635,822.99,61.3
17075,28879,1117.32,26.6
17077,59677,584.08,103.1
17079,9623,494.51,19.6
17081,38534,571.17,68
17083,22571,369.27,62.2
17085,22254,601.09,37.7
17087,12601,343.92,36.6
17089,527306,520.06,990.8
17091,111375,676.56,167.7
17093,121350,320.34,358.2
17095,52069,716.4,73.9
17097,705186,443.67,1585.6
17099,111241,1135.12,100.4
17101,16519,372.18,45.2
17103,34735,724.9,49.7
17105,37903,1044.29,37.3
17107,29746,618.06,49
17109,31880,589.41,55.3
17111,307283,603.17,511.9
17113,174061,1183.38,143.3
17115,108350,580.69,190.8
17117,46453,862.91,55.4
17119,266560,715.58,376.3
17121,38571,572.36,68.9
17123,12014,386.79,32.7
17125,13898,539.24,27.2
17127,14905,237.22,65
17129,12570,314.44,40.4
17131,15945,561.2,29.3
17133,33722,385.01,85.6
17135,29359,703.69,42.8
17137,34929,568.79,62.5
17139,14837,335.94,44.2
17141,52085,758.57,70.5
17143,187319,619.21,301.2
17145,21672,441.76,50.6
17147,16431,439.2,38.1
17149,16022,831.38,19.8
17151,4276,368.77,12.1
17153,5815,199.19,30.9
17155,5814,160.16,37.5
17157,32869,575.5,58.2
17159,16061,359.99,45.1
17161,146063,427.64,345
17163,265729,657.76,410.6
17165,24612,379.82,65.6
17167,198997,868.3,227.4
17169,7330,437.27,17.3
17171,5204,250.91,21.3
17173,22048,758.52,29.5
17175,5813,288.08,20.8
17177,46435,564.52,84.5
17179,135707,648.97,208.6
17181,17447,413.46,43.1
17183,79728,898.37,90.9
17185,11549,223.25,53.5
17187,17874,542.41,32.6
17189,14337,562.57,26.2
17191,16543,713.81,23.5
17193,14374,494.77,29.6
17195,56876,684.25,85.5
17197,685419,836.91,809.6
17199,67008,420.15,157.9
17201,288542,513.36,575.2
17203,39187,527.8,73.3
18000,6596855,35826.11,181
18001,34791,339.03,101.4
18003,365918,657.31,540.6
18005,80217,406.91,188.7
18007,8700,406.42,21.8
18009,12401,165.08,77.3
18011,61915,422.91,133.9
18013,14962,311.98,48.9
18015,19923,372.22,54.1
18017,38438,412.16,94.5
18019,114262,372.86,295.6
18021,26562,357.54,75.2
18023,32776,405.07,82
18025,10655,305.64,35.1
18027,32729,429.49,73.7
18029,49506,305.03,164.1
18031,26524,372.57,69.1
18033,42383,362.82,116.4
18035,117074,392.12,300.1
18037,42345,427.27,98
18039,201971,463.17,426.5
18041,23468,215.01,112.9
18043,76179,147.94,504.1
18045,16658,395.66,43.6
18047,22934,384.43,60.1
18049,20500,368.39,56.6
18051,33759,487.49,68.7
18053,68569,414.07,169.2
18055,32726,542.5,61.1
18057,302623,394.27,696.4
18059,71978,306.02,228.8
18061,39299,484.52,81.2
18063,156056,406.91,357.4
18065,48995,391.88,126.2
18067,82982,293.06,282.4
18069,36706,382.65,97
18071,43705,509.31,83.2
18073,33475,559.63,59.8
18075,21179,383.91,55.4
18077,32494,360.63,89.9
18079,28000,376.58,75.7
18081,147538,320.43,435.8
18083,37938,516.03,74.5
18085,78564,531.38,145.6
18087,38436,379.62,97.8
18089,490228,498.96,994.1
18091,111444,598.3,186.3
18093,45704,449.17,102.7
18095,130069,451.92,291.3
18097,934243,396.3,2279.6
18099,47107,443.63,106.1
18101,10203,335.74,30.8
18103,35954,373.84,98.7
18105,143339,394.51,349.7
18107,38146,504.61,75.6
18109,69693,403.97,170.5
18111,14156,401.76,35.5
18113,47618,410.84,115.7
18115,6035,86.14,71.1
18117,19626,398.39,49.8
18119,20969,385.29,56
18121,17233,444.66,39
18123,19454,381.73,50.7
18125,12624,334.24,38.4
18127,167076,418.15,393
18129,25540,409.57,63.3
18131,12967,433.65,30.9
18133,37618,480.53,79
18135,25384,452.38,57.9
18137,28497,446.43,64.6
18139,16892,408.12,42.6
18141,267618,457.85,583
18143,23712,190.4,127
18145,44579,411.15,108.1
18147,20801,396.74,52.8
18149,23074,309.13,75.6
18151,34308,308.94,110.7
18153,21050,447.14,48
18155,10452,220.63,48.1
18157,183074,499.81,345.7
18159,15415,260.54,61.2
18161,7246,161.22,46.6
18163,182006,233.48,769.7
18165,15693,256.88,63.1
18167,108175,403.31,267.4
18169,32252,412.43,79.7
18171,8352,364.68,23.3
18173,61149,384.82,155.1
18175,27878,513.73,55
18177,67671,401.74,171.5
18179,27862,368.09,75.1
18181,24453,505.13,48.8
18183,33403,335.57,99.2
19000,3107126,55857.13,54.5
19001,7454,569.27,13.5
19003,3875,423.44,9.5
19005,14038,639.08,22.4
19007,12661,497.29,25.9
19009,5794,442.96,13.8
19011,25680,716.27,36.4
19013,132897,565.77,231.7
19015,26433,571.57,46
19017,24721,435.48,55.7
19019,21038,571.02,36.7
19021,20578,574.92,35.2
19023,15006,580.13,25.6
19025,9866,569.97,17
19027,20562,569.44,36.6
19029,13448,564.27,24.7
19031,18411,579.44,31.9
19033,43254,568.31,77.7
19035,11836,576.91,20.9
19037,12264,504.38,24.7
19039,9217,431.17,21.5
19041,16515,567.24,29.4
19043,17692,778.54,23.3
19045,48051,694.92,70.7
19047,17228,714.19,23.9
19049,77400,588.45,112.4
19051,8781,502.19,17.4
19053,8263,531.88,15.9
19055,17398,577.76,30.7
19057,40255,416.12,96.9
19059,16935,380.61,43.8
19061,96370,608.31,154
19063,9990,395.88,26
19065,20343,730.81,28.6
19067,16077,500.63,32.6
19069,10436,581.97,18.4
19071,7022,511.15,14.6
19073,9200,569.57,16.4
19075,12375,501.86,24.8
19077,10722,590.62,18.5
19079,15117,576.75,27.2
19081,11027,571.01,19.9
19083,17311,569.31,30.8
19085,14324,696.85,21.4
19087,20217,434.33,46.4
19089,9449,473.25,20.2
19091,9640,434.35,22.6
19093,7042,431.51,16.4
19095,16375,586.46,27.9
19097,19482,636.04,31.2
19099,36872,730.42,50.4
19101,17325,435.51,38.7
19103,142287,614.04,213.1
19105,20454,575.62,35.9
19107,10231,579.18,18.1
19109,15222,972.72,16
19111,35286,517.52,69.3
19113,217751,716.88,294.6
19115,11161,401.77,28.3
19117,8701,430.59,20.7
19119,11683,587.65,19.7
19121,15609,561.01,27.9
19123,22370,570.86,39.2
19125,33365,554.53,60.1
19127,40866,572.5,71
19129,14831,437.44,34.4
19131,10779,469.13,23
19133,8996,694.07,13.3
19135,8001,433.72,18.4
19137,10421,424.1,25.3
19139,42903,437.47,97.7
19141,14056,573.04,25.1
19143,6218,398.68,16.2
19145,15496,534.94,29.8
19147,9099,563.84,16.7
19149,24874,862.89,29
19151,7138,577.24,12.7
19153,459862,573.8,750.5
19155,93128,950.28,98
19157,18668,584.93,32.3
19159,5051,535.5,9.6
19161,10035,575.01,18
19163,171387,458.09,360.7
19165,11948,590.78,20.6
19167,34681,768.33,43.9
19169,94073,572.82,156.3
19171,17451,721.01,24.6
19173,6143,531.9,11.9
19175,12516,423.65,29.6
19177,7468,484.79,15.6
19179,35212,431.83,82.5
19181,47956,569.83,81.1
19183,22070,568.84,38.2
19185,6395,525.44,12.2
19187,36955,715.62,53.1
19189,10559,400.49,27.1
19191,20768,689.87,30.5
19193,102271,872.83,117.1
19195,7624,400.12,19
19197,12840,580.42,22.8
20000,2904021,81758.72,34.9
20001,12909,500.3,26.7
20003,7883,579.65,14
20005,16513,431.17,39.3
20007,4897,1134.07,4.3
20009,27385,895.4,30.9
20011,14772,635.47,23.9
20013,9815,570.87,17.5
20015,66227,1429.86,46.1
20017,2692,773.06,3.6
20019,3481,638.88,5.7
20021,20787,587.57,36.8
20023,2693,1019.89,2.7
20025,2144,974.63,2.3
20027,8317,645.3,13.2
20029,9385,715.34,13.3
20031,8433,626.95,13.7
20033,1954,788.3,2.4
20035,35963,1125.75,32.3
20037,39290,589.76,66.4
20039,2908,893.52,3.3
20041,19394,847.07,23.3
20043,7874,393.41,20.2
20045,116585,455.87,243.1
20047,3030,621.89,4.9
20049,2694,644.27,4.5
20051,29013,899.91,31.6
20053,6392,715.85,9.1
20055,37184,1301.97,28.2
20057,34795,1098.27,30.8
20059,25611,571.76,45.5
20061,36713,384.62,89.3
20063,2727,1071.67,2.5
20065,2566,898.52,2.9
20067,7816,574.8,13.6
20069,6082,868.87,6.9
20071,1301,778.45,1.6
20073,6328,1143.3,5.9
20075,2603,996.51,2.7
20077,5818,801.27,7.5
20079,34820,539.75,64.3
20081,4106,577.52,7.4
20083,1916,859.99,2.2
20085,13539,656.22,20.5
20087,18855,532.57,35.9
20089,3043,909.78,3.4
20091,574272,473.38,1149.6
20093,3915,870.54,4.6
20095,7698,863.36,9.1
20097,2513,722.64,3.5
20099,20960,645.3,33.5
20101,1687,717.46,2.4
20103,78797,462.83,164.7
20105,3167,719.4,4.5
20107,9502,594.06,16.3
20109,2794,1072.99,2.6
20111,33212,847.47,39.8
20113,29241,898.27,32.5
20115,12208,944.29,13.4
20117,10006,900.18,11.2
20119,4357,978.09,4.7
20121,32822,575.66,57
20123,6284,701.79,9.1
20125,34065,643.53,55.1
20127,5698,695.28,8.5
20129,3110,729.73,4.4
20131,10148,717.43,14.2
20133,16416,571.47,28.9
20135,3105,1074.75,2.9
20137,5560,878.13,6.5
20139,15936,705.52,23.1
20141,3756,892.5,4.3
20143,6065,720.73,8.5
20145,6916,754.26,9.2
20147,5533,885.88,6.4
20149,22897,841.02,25.7
20151,9850,735.05,13.1
20153,2584,1069.42,2.4
20155,63794,1255.35,51.4
20157,4803,717.37,6.9
20159,10015,726.24,13.9
20161,75194,609.77,116.6
20163,5155,890.53,5.8
20165,3197,717.76,4.6
20167,6956,886.26,7.9
20169,55755,720.23,77.2
20171,5080,717.54,6.9
20173,508803,997.51,499.6
20175,23465,639.5,35.9
20177,178406,544.02,327.1
20179,2539,895.96,2.9
20181,6110,1056.07,5.7
20183,3769,895.47,4.3
20185,4297,792.05,5.6
20187,2111,680.35,3.3
20189,5801,727.29,7.9
20191,23528,1181.94,20.4
20193,7891,1074.69,7.4
20195,2902,889.48,3.4
20197,7022,794.3,8.9
20199,1506,913.65,1.6
20201,5598,894.76,6.5
20203,2176,718.57,3.1
20205,9028,570.42,16.5
20207,3157,497.82,6.6
20209,161636,151.6,1039
21000,4413457,39486.34,109.9
21001,19204,405.28,46
21003,20384,344.34,58
21005,21888,201.83,106.1
21007,8240,246.66,33.4
21009,43148,487.54,86.5
21011,12206,278.79,41.6
21013,27778,359,79.9
21015,126413,246.36,482.3
21017,19972,289.72,69
21019,48832,159.86,309.9
21021,29706,180.17,157.8
21023,8406,205.61,41.3
21025,13409,492.41,28.2
21027,19888,567.17,35.4
21029,77955,297.02,250.2
21031,12875,426.09,29.8
21033,12725,344.79,37.7
21035,38282,385.02,96.6
21037,91833,151.31,597
21039,4978,189.43,26.9
21041,10815,128.57,84.1
21043,27223,409.5,67.7
21045,15891,444.23,35.9
21047,74250,717.5,103.1
21049,35758,252.46,141.1
21051,21147,469.25,46.3
21053,10165,197.25,52.1
21055,9224,359.95,25.9
21057,6745,305.18,22.5
21059,98275,458.35,210.9
21061,12013,302.88,40.2
21063,7672,234.32,33.5
21065,14447,253.08,58
21067,310797,283.65,1042.8
21069,14545,348.54,41.2
21071,38108,393.35,100.3
21073,49880,207.75,237.2
21075,6265,205.5,33.2
21077,8589,101.23,84.8
21079,16858,230.08,73.5
21081,24875,257.97,95.6
21083,37618,551.74,67.3
21085,26194,496.7,51.8
21087,11043,286.03,39.4
21089,36308,344.4,107.2
21091,8753,187.65,45.6
21093,108266,623.28,169.3
21095,28163,465.83,62.9
21097,18592,306.36,61.5
21099,18597,412.09,44.2
21101,46467,436.67,105.9
21103,15572,286.28,53.9
21105,4734,242.27,20.2
21107,46376,542,86.6
21109,13289,345.2,39.1
21111,760026,380.42,1948.1
21113,50815,172.12,282.3
21115,23262,261.95,89.2
21117,163929,160.25,996.7
21119,15892,351.52,46.5
21121,31798,386.3,82.5
21123,14180,261.52,54.3
21125,60015,433.95,135.6
21127,15804,415.6,38.2
21129,7594,208.86,37.8
21131,10918,400.84,28.2
21133,23359,337.91,72.6
21135,13880,482.84,28.7
21137,24445,334.1,74.1
21139,9359,313.13,30.4
21141,26867,552.13,48.6
21143,8430,213.84,38.9
21145,65316,248.74,263.6
21147,17863,426.8,42.9
21149,9478,252.47,37.8
21151,87340,437.29,189.6
21153,12913,308.44,43.2
21155,20007,343.01,57.8
21157,30953,301.25,104.4
21159,12537,229.61,56.3
21161,17166,240.13,72.8
21163,29139,305.42,93.6
21165,6287,203.59,31
21167,21319,248.8,85.7
21169,9990,289.65,34.9
21171,10704,329.37,33.3
21173,27474,197.37,134.3
21175,13303,381.13,36.5
21177,31207,467.08,67.4
21179,44812,417.51,104
21181,7041,195.17,36.6
21183,23977,587.27,40.6
21185,63490,187.22,322.2
21187,10645,351.1,30.9
21189,4508,197.41,24.1
21191,14493,277.16,53.7
21193,27597,339.67,84.5
21195,63034,786.83,82.6
21197,12434,178.98,70.5
21199,63825,658.41,95.8
21201,2197,99.91,22.8
21203,16826,316.55,53.9
21205,23655,279.8,83.4
21207,17774,253.66,69.2
21209,51284,281.77,167.4
21211,44875,379.64,110.8
21213,17826,234.2,74
21215,17668,186.68,91.4
21217,25257,266.33,92
21219,12520,374.5,33.3
21221,14142,441.43,32.5
21223,8786,151.65,58.1
21225,15165,342.85,43.8
21227,120460,541.6,210.1
21229,11959,297.27,39.4
21231,20486,458.17,45.4
21233,13236,331.94,41
21235,35503,437.83,81.4
21237,7214,222.17,33.1
21239,25563,188.78,132.1
22000,4649676,43203.9,104.9
22001,62486,655.12,94.3
22003,25713,761.85,33.8
22005,117029,289.98,369.7
22007,23034,338.66,69.2
22009,41145,832.43,50.5
22011,36198,1157.34,30.8
22013,13885,811.27,17.7
22015,125064,840.06,139.3
22017,252603,878.54,290.2
22019,197204,1063.66,181.2
22021,9894,529.43,19.1
22023,6679,1284.89,5.3
22025,10151,708.03,14.7
22027,16412,754.88,22.8
22029,20466,696.92,29.9
22031,27142,875.58,30.4
22033,446042,455.37,966.6
22035,7487,420.7,18.4
22037,19813,453.41,44.7
22039,33700,662.38,51.3
22041,20441,624.59,33.2
22043,22384,643.03,34.7
22045,73913,574.11,127.6
22047,33327,618.63,54
22049,15994,569.18,28.6
22051,435716,295.63,1463.1
22053,31477,651.33,48.5
22055,235644,268.72,824.6
22057,98020,1068.21,90.2
22059,14839,624.68,23.8
22061,47617,471.74,99.1
22063,135751,648.17,197.5
22065,11843,624.44,19.4
22067,26760,794.93,35.2
22069,39166,1252.25,31.6
22071,384320,169.42,2029.4
22073,156325,610.41,251.8
22075,23447,779.91,29.5
22077,22406,557.35,40.9
22079,132488,1317.96,99.9
22081,8669,389.09,23.4
22083,20740,559.04,37.1
22085,24199,866.66,28
22087,44409,377.52,95.1
22089,52745,279.08,189.1
22091,10619,408.4,27.4
22093,21638,241.54,91.5
22095,43745,213.07,215.5
22097,83709,923.88,90.3
22099,53315,737.65,70.7
22101,53162,555.38,98.4
22103,245829,845.55,276.4
22105,127049,791.28,153
22107,4830,602.78,8.7
22109,113328,1231.82,90.8
22111,22539,876.99,25.9
22113,59616,1173.2,49.4
22115,52132,1327.91,39.4
22117,46286,669.53,70.4
22119,40333,593.03,69.5
22121,25085,192.39,123.6
22123,11525,359.65,32.3
22125,15406,403.21,38.8
22127,14743,950.09,16.1
23000,1330089,30842.92,43.1
23001,107440,467.93,230.2
23003,69447,6671.33,10.8
23005,287797,835.24,337.2
23007,30296,1696.61,18.1
23009,54696,1586.89,34.3
23011,121112,867.52,140.8
23013,39676,365.13,108.8
23015,34170,455.82,75.6
23017,57238,2076.84,27.8
23019,153414,3397.36,45.3
23021,17026,3960.86,4.4
23023,35045,253.7,139.1
23025,51163,3924.4,13.3
23027,39051,729.92,53.1
23029,31808,2562.66,12.8
23031,200710,990.71,199
24000,5976407,9707.24,594.8
24001,72952,424.16,177
24003,560133,414.9,1295.9
24005,826925,598.3,1345.5
24009,90613,213.15,416.3
24011,32538,319.42,103.5
24013,167830,447.6,373.4
24015,102383,346.27,292
24017,154747,457.75,320.2
24019,32578,540.77,60.3
24021,243675,660.22,353.5
24023,29679,647.1,46.5
24025,250105,437.09,560.1
24027,309284,250.74,1144.9
24029,19820,277.03,72.9
24031,1030447,491.25,1978.2
24033,904430,482.69,1788.8
24035,48804,371.91,128.5
24037,110382,357.18,294.4
24039,25859,319.72,82.8
24041,37643,268.54,140.7
24043,149573,457.78,322.1
24045,101539,374.44,263.7
24047,51675,468.28,109.9
24510,622793,80.94,7671.5
25000,6745408,7800.06,839.4
25001,214914,393.72,548.3
25003,128715,926.83,141.6
25005,554194,553.1,991.3
25007,17356,103.25,160.2
25009,769091,492.56,1508.8
25011,70862,699.32,102.1
25013,468161,617.14,751
25015,160939,527.26,299.8
25017,1570315,817.82,1837.9
25019,10856,44.97,226.2
25021,692254,396.11,1693.6
25023,507022,659.08,750.9
25025,767254,58.15,12415.7
25027,813475,1510.77,528.6
26000,9909877,56538.9,174.8
26001,10454,674.59,16.2
26003,9459,915.07,10.5
26005,113847,825.23,135
26007,28988,571.86,51.8
26009,23267,475.7,49.6
26011,15353,363.19,43.8
26013,8654,898.26,9.9
26015,59281,553.09,107
26017,106179,442.3,243.7
26019,17519,319.7,54.8
26021,155233,567.75,276.2
26023,43545,506.37,89.4
26025,134878,706.23,192.8
26027,51608,490.06,106.7
26029,26121,416.34,62.3
26031,25675,715.26,36.6
26033,38321,1558.42,24.7
26035,30652,564.32,54.8
26037,77297,566.41,133.1
26039,13745,556.28,25.3
26041,36559,1171.1,31.7
26043,25957,761.4,34.4
26045,108579,575.18,187.3
26047,33204,467.49,69.9
26049,412895,636.98,668.5
26051,25411,501.78,51.2
26053,15737,1101.85,14.9
26055,90782,464.33,187.3
26057,41665,568.46,74.7
26059,45830,598.13,78.1
26061,36495,1009.1,36.3
26063,32065,835.71,39.6
26065,284582,556.12,505.1
26067,64294,571.3,111.9
26069,25420,549.1,47.1
26071,11387,1166.15,10.1
26073,70616,572.68,122.8
26075,159741,701.67,228.4
26077,258818,561.66,445.7
26079,17394,559.87,30.6
26081,629237,846.95,711.5
26083,2217,540.11,4
26085,11341,567.37,20.3
26087,88153,643.01,137.4
26089,21915,347.17,62.5
26091,99047,749.56,133.3
26093,185596,565.25,320.2
26095,6426,899.08,7.4
26097,11042,1021.57,10.9
26099,860112,479.22,1754.9
26101,24420,542.15,45.6
26103,67676,1808.4,37.1
26105,28824,495.07,58
26107,43186,555.07,77.1
26109,23714,1044.08,23
26111,83427,516.25,162
26113,15037,564.73,26.3
26115,149824,549.39,276.7
26117,62893,705.4,89.8
26119,9300,546.66,17.9
26121,172344,499.25,344.9
26123,47900,813.2,59.6
26125,1237868,867.66,1385.7
26127,26221,512.07,51.9
26129,21039,563.49,38.5
26131,6172,1311.23,5.2
26133,23169,566.39,41.5
26135,8371,565.73,15.3
26137,24158,514.97,46.9
26139,276292,563.47,468.2
26141,13004,658.72,20.3
26143,23955,519.64,47.1
26145,195012,800.11,250.2
26147,160078,721.17,226.1
26149,60946,500.59,122.4
26151,41587,962.57,44.8
26153,8171,1171.36,7.2
26155,68933,530.67,133.1
26157,54000,803.13,69.4
26159,75199,607.47,125.5
26161,356874,705.97,488.4
26163,1764804,612.08,2974.4
26165,32886,565,57.9
27000,5457173,79626.74,66.6
27001,15771,1821.66,8.9
27003,341864,423.01,782.1
27005,33259,1315.2,24.7
27007,45664,2504.94,17.7
27009,39506,408.3,94.2
27011,5127,499.02,10.6
27013,65385,747.84,85.6
27015,25292,611.09,42.4
27017,35571,861.38,41.1
27019,97338,354.33,256.9
27021,28559,2021.54,14.1
27023,12110,581.12,21.4
27025,54025,414.86,129.9
27027,61286,1045.37,56.4
27029,8791,998.94,8.7
27031,5233,1452.28,3.6
27033,11633,638.61,18.3
27035,63265,999.1,62.6
27037,412529,562.17,709
27039,20353,439.28,45.7
27041,36790,637.3,56.5
27043,14192,712.48,20.4
27045,20776,861.3,24.2
27047,30840,707.09,44.2
27049,46423,756.84,61
27051,5956,548.16,11
27053,1212064,553.59,2081.7
27055,18738,552.06,34.5
27057,20573,925.68,22.1
27059,38413,435.79,86.8
27061,45589,2667.72,16.9
27063,10269,702.98,14.6
27065,15930,521.59,31.1
27067,42285,796.79,53
27069,4435,1098.8,4.1
27071,12856,3104.07,4.3
27073,6891,765.02,9.5
27075,10680,2109.29,5.2
27077,3918,1297.87,3.1
27079,27770,448.76,61.7
27081,5788,536.76,11
27083,25665,714.56,36.2
27085,35882,491.47,74.6
27087,5505,557.88,9.7
27089,9417,1775.07,5.3
27091,20220,712.35,29.3
27093,23107,608.18,38.3
27095,25884,572.31,45.6
27097,32810,1125.06,29.5
27099,39323,711.33,55.1
27101,8470,704.7,12.4
27103,33093,448.49,73
27105,21590,715.11,29.9
27107,6639,872.79,7.9
27109,150287,653.35,220.8
27111,57635,1972.07,29.1
27113,14058,616.57,22.6
27115,29095,1411.29,21.1
27117,9281,465.06,20.6
27119,31704,1971.13,16
27121,10984,669.71,16.4
27123,532655,152.21,3341.7
27125,4043,432.41,9.5
27127,15515,878.57,18.3
27129,15025,982.91,16
27131,65151,495.68,129.4
27133,9553,482.46,20.1
27135,15679,1671.6,9.3
27137,200949,6247.4,32
27139,139672,356.48,364.5
27141,91126,432.92,204.4
27143,14918,588.78,25.9
27145,152912,1343.13,112.2
27147,36573,429.65,85.1
27149,9800,563.6,17.3
27151,9436,742.08,13.2
27153,24264,944.98,26.3
27155,3387,573.9,6.2
27157,21362,522.98,41.4
27159,13757,536.27,25.8
27161,19025,423.36,45.2
27163,249283,384.28,619.7
27165,11083,434.95,25.8
27167,6495,750.96,8.8
27169,51097,626.21,82.2
27171,129918,661.46,188.5
27173,10109,759.1,13.8
28000,2994079,46923.27,63.2
28001,31737,462.41,69.8
28003,37380,400.04,92.6
28005,12629,730.1,18
28007,19163,734.98,26.6
28009,8296,406.62,21.5
28011,33768,876.57,39
28013,14745,586.57,25.5
28015,10254,628.24,16.9
28017,17313,501.78,34.7
28019,8294,418.18,20.4
28021,9080,487.41,19.7
28023,16299,691.55,24.2
28025,20225,410.08,50.3
28027,24807,552.44,47.3
28029,28797,777.24,37.9
28031,19442,413.79,47.3
28033,170913,476.15,338.7
28035,76330,466.31,160.7
28037,7833,563.78,14.4
28039,23303,478.71,47.2
28041,14326,712.76,20.2
28043,21666,422.11,51.9
28045,45949,473.75,92.7
28047,199058,573.99,326
28049,243729,869.74,282
28051,18459,756.7,25.4
28053,8741,418.49,22.4
28055,1397,413.05,3.4
28057,23527,532.79,43.9
28059,141137,722.75,193.2
28061,16601,676.24,25.2
28063,7599,519.93,14.9
28065,11822,408.44,30.6
28067,68290,694.8,97.5
28069,10163,766.18,13.6
28071,52930,631.71,75
28073,60099,497.06,112
28075,79739,703.63,114.1
28077,12502,430.67,30
28079,23193,583,40.8
28081,85246,449.95,184.3
28083,31422,592.54,54.5
28085,34775,586.12,59.5
28087,59730,505.51,118.3
28089,101688,714.51,133.2
28091,25868,542.38,49.9
28093,36234,706.19,52.6
28095,36003,765.09,48.3
28097,10400,406.98,26.8
28099,29465,570.14,52.1
28101,21832,578.1,37.6
28103,11115,695.14,16.6
28105,49414,458.2,104
28107,34444,685.14,50.7
28109,55224,810.86,68.9
28111,12227,647.25,18.9
28113,40058,409.02,98.8
28115,30950,497.69,60.2
28117,25428,414.98,60.9
28119,7678,405.01,20.3
28121,148070,775.49,182.6
28123,28461,609.19,46.4
28125,4647,431.72,11.4
28127,27463,589.16,46.7
28129,16188,636.25,25.9
28131,17875,445.49,39.9
28133,27496,697.75,42.2
28135,14761,645.29,23.8
28137,28204,404.76,71.4
28139,22039,457.82,48.6
28141,19420,424.25,46.2
28143,10598,454.67,23.7
28145,28097,415.6,65.3
28147,14859,403.94,38.2
28149,47983,588.5,82.9
28151,48958,724.74,70.6
28153,20490,810.75,25.6
28155,9972,420.94,24.4
28157,9191,678.11,14.6
28159,18478,607.25,31.6
28161,12276,467.13,27.1
28163,27817,922.95,30.4
29000,6063589,68741.52,87.1
29001,25602,567.32,45.1
29003,17379,432.7,40
29005,5382,547.3,10.4
29007,25887,692.24,36.9
29009,35662,778.25,45.7
29011,12057,591.92,21
29013,16584,836.69,20.4
29015,18806,704.06,27.1
29017,12394,617.91,20
29019,172717,685.41,237.3
29021,89486,408.03,218.6
29023,42972,694.67,61.6
29025,9034,426.39,22.1
29027,44750,834.58,53.1
29029,44021,655.92,67.1
29031,78043,578.54,130.8
29033,9043,694.62,13.4
29035,6258,507.36,12.3
29037,100889,696.84,142.8
29039,13952,474.48,29.5
29041,7694,751.18,10.4
29043,82101,562.65,137.6
29045,6917,504.69,14.1
29047,233682,397.3,558.6
29049,20299,418.96,49.5
29051,76557,393.75,193
29053,17585,564.77,31.2
29055,24650,742.52,33.3
29057,7628,490.01,16.1
29059,16389,540.77,31
29061,8297,563.24,15
29063,12692,421.36,30.6
29065,15655,752.79,20.8
29067,13546,813.63,16.8
29069,31344,541.07,59.1
29071,102084,922.68,110
29073,14866,517.8,29.4
29075,6826,491.42,13.7
29077,285865,675.3,407.5
29079,10197,435.28,23.6
29081,8639,722.5,12.4
29083,22028,696.95,32
29085,9219,399.09,24.1
29087,4516,462.69,10.6
29089,10159,463.85,21.9
29091,40173,927.25,43.6
29093,10267,550.26,19.3
29095,683191,604.46,1115.3
29097,117543,638.49,183.9
29099,222716,656.63,333.1
29101,54362,829.28,63.4
29103,4000,504.01,8.2
29105,35439,764.72,46.5
29107,32688,628.43,53.1
29109,38023,611.74,63.2
29111,10138,505.04,20.2
29113,54249,626.56,83.9
29115,12311,615.56,20.7
29117,15053,532.33,28.5
29119,22800,539.48,42.8
29121,15479,801.23,19.4
29123,12368,494.39,24.7
29125,9013,526.98,17.4
29127,28920,436.92,65.9
29129,3719,453.84,8.3
29131,25141,592.6,41.8
29133,14232,411.58,34.9
29135,15856,415.03,37.6
29137,8707,647.65,13.6
29139,11841,536.25,22.8
29141,20240,597.63,34.4
29143,18272,674.84,28.1
29145,58598,624.77,93
29147,23081,876.96,26.6
29149,10911,789.8,13.8
29151,13703,604.35,23
29153,9492,744.97,13.1
29155,17650,492.54,37.1
29157,19202,474.35,40
29159,42225,682.22,61.9
29161,44847,671.78,67.2
29163,18541,670.44,27.6
29165,94788,420.19,212.6
29167,31054,635.52,49
29169,53436,547.1,95.5
29171,4829,517.32,9.6
29173,10255,469.78,21.6
29175,25072,482.68,52.7
29177,22949,568.81,41.3
29179,6565,808.48,8.3
29181,13969,629.54,22.4
29183,379493,560.44,643.2
29185,9457,669.98,14.6
29186,17914,499.15,36.4
29187,65960,451.89,144.6
29189,1001876,507.8,1967.2
29195,23347,755.5,30.9
29197,4370,307.3,14.4
29199,4863,436.67,11.1
29201,38903,419.99,93.3
29203,8329,1003.82,8.4
29205,6108,500.86,12.7
29207,29867,823.22,36.4
29209,31104,464.03,69.4
29211,6411,647.98,10.4
29213,54230,632.44,81.7
29215,25642,1177.27,22.1
29217,21001,826.4,25.6
29219,33253,428.6,75.9
29221,25077,759.91,33.2
29223,13452,759.18,17.8
29225,36888,592.56,61.1
29227,2073,266.61,8.1
29229,18291,681.77,27.6
29510,317419,61.91,5157.5
30000,1023579,145545.8,6.8
30001,9345,5541.62,1.7
30003,13282,4995.46,2.6
30005,6619,4227.55,1.5
30007,5667,1192.54,4.7
30009,10399,2048.79,4.9
30011,1169,3340.75,0.3
30013,82344,2698.16,30.1
30015,5894,3972.49,1.5
30017,12092,3783.36,3.1
30019,1793,1426.11,1.2
30021,9518,2371.87,3.8
30023,9150,736.53,12.6
30025,3108,1620.77,1.8
30027,11442,4339.8,2.7
30029,94924,5087.66,17.9
30031,97308,2602.69,34.4
30033,1309,4675.36,0.3
30035,13696,2995.94,4.5
30037,852,1175.34,0.8
30039,3209,1727.42,1.8
30041,16596,2898.96,5.6
30043,11558,1656.26,6.9
30045,1991,1869.82,1.1
30047,29099,1490.15,19.3
30049,65856,3458.83,18.3
30051,2359,1430.05,1.6
30053,19125,3612.92,5.4
30055,1694,2643.17,0.7
30057,7820,3587.48,2.1
30059,1853,2391.91,0.8
30061,4257,1219.44,3.5
30063,112684,2593.42,42.1
30065,4589,1868.16,2.4
30067,15880,2803.06,5.6
30069,485,1654.87,0.3
30071,4192,5140.04,0.8
30073,6219,1622.86,3.8
30075,1783,3297.3,0.5
30077,6909,2326.39,3
30079,1148,1736.74,0.7
30081,41030,2390.82,16.8
30083,11576,2084.14,4.7
30085,11332,2354.79,4.4
30087,9326,5010.4,1.8
30089,11364,2760.52,4.1
30091,3696,1677.08,2
30093,34680,718.48,47.6
30095,9290,1795.35,5.1
30097,3665,1855.21,2
30099,6064,2272.38,2.7
30101,5150,1915.65,2.8
30103,692,977.4,0.7
30105,7640,4925.82,1.5
30107,2102,1423.2,1.5
30109,1121,889.27,1.1
30111,155634,2633.29,56.2
31000,1881503,76824.17,23.8
31001,31457,563.27,55.7
31003,6398,857.22,7.8
31005,453,715.36,0.6
31007,764,746.11,0.9
31009,504,710.87,0.7
31011,5353,686.55,8
31013,11340,1075.29,10.5
31015,2033,539.94,3.9
31017,2941,1221.33,2.6
31019,48224,968.11,47.6
31021,6573,491.58,14
31023,8249,584.91,14.4
31025,25524,557.45,45.3
31027,8610,740.31,12
31029,3978,894.42,4.4
31031,5762,5960.42,1
31033,10148,1196.29,8.4
31035,6315,572.29,11.4
31037,10504,411.66,25.5
31039,9027,570.62,16
31041,10728,2575.52,4.2
31043,20850,264.26,79.5
31045,9042,1396.46,6.6
31047,24096,1013.1,24
31049,1940,439.85,4.4
31051,5782,476.23,12.6
31053,36744,528.71,69.4
31055,543244,328.46,1574.4
31057,1886,919.68,2.2
31059,5661,575.37,10.2
31061,3076,575.82,5.6
31063,2705,974.59,2.8
31065,4888,719.13,6.9
31067,21663,851.49,26.2
31069,1911,1704.28,1.2
31071,2003,569.79,3.6
31073,1970,458.16,4.5
31075,619,776.22,0.8
31077,2482,569.81,4.5
31079,61492,546.29,107.3
31081,9135,542.88,16.8
31083,3492,553.47,6.2
31085,933,713.06,1.4
31087,2901,709.94,4.1
31089,10403,2412.4,4.3
31091,728,721.12,1
31093,6362,569.34,11
31095,7335,570.19,13.2
31097,5185,376.05,13.9
31099,6644,516.24,12.6
31101,8121,1061.6,7.9
31103,810,773.07,1.1
31105,3713,951.85,4
31107,8482,1108.35,7.9
31109,301795,837.55,340.8
31111,35815,2564.07,14.2
31113,750,570.66,1.3
31115,588,568.29,1.1
31117,498,858.98,0.6
31119,35174,572.74,60.9
31121,7766,484.88,16.2
31123,4862,1423.84,3.5
31125,3570,441.63,8.5
31127,7175,407.38,17.8
31129,4369,575.16,7.8
31131,15797,615.63,25.6
31133,2702,431.08,6.4
31135,2891,883.34,3.4
31137,9187,539.79,17
31139,7202,573.25,12.7
31141,32666,674.06,47.8
31143,5271,438.35,12.3
31145,10867,716.99,15.4
31147,8128,551.84,15.2
31149,1443,1008.32,1.5
31151,14252,574.02,24.7
31153,172193,238.99,664.6
31155,20919,750.23,27.7
31157,36465,739.4,50
31159,17150,571.43,29.3
31161,5259,2440.86,2.2
31163,3074,565.83,5.6
31165,1303,2066.74,0.6
31167,6069,427.95,14.3
31169,5230,573.81,9.1
31171,687,713.24,0.9
31173,6969,393.58,17.6
31175,4204,568.05,7.5
31177,20258,389.96,51.9
31179,9431,442.92,21.7
31181,3658,574.91,6.6
31183,766,575.18,1.4
31185,13917,572.51,23.9
32000,2839099,109781.18,24.6
32001,23989,4930.46,5
32003,2069681,7891.43,247.3
32005,47536,709.72,66.2
32007,52766,17169.83,2.8
32009,822,3581.88,0.2
32011,2018,4175.68,0.5
32013,17279,9640.76,1.7
32015,6009,5490.11,1.1
32017,5184,10633.2,0.5
32019,51789,2001.19,26
32021,4500,3752.84,1.3
32023,42282,18181.92,2.4
32027,6698,6036.56,1.1
32029,3912,262.92,15.3
32031,440078,6302.37,66.9
32033,10034,8875.65,1.1
32510,54522,144.66,382.1
33000,1326813,8952.65,147
33001,60305,400.23,150.1
33003,47399,931.06,51.4
33005,76115,706.66,109.1
33007,31653,1794.69,18.4
33009,89658,1708.75,52.2
33011,405184,876.14,457.4
33013,147171,934.12,156.8
33015,300621,694.72,425
33017,125604,368.98,333.7
33019,43103,537.31,81.4
34000,8938175,7354.22,1195.5
34001,275209,555.7,494.1
34003,933572,233.01,3884.5
34005,449722,798.58,561.9
34007,511038,221.26,2321.5
34009,95344,251.43,386.9
34011,157389,483.7,324.4
34013,795723,126.21,6211.5
34015,290951,322.01,895.3
34017,669115,46.19,13731.4
34019,126067,427.82,300
34021,371537,224.56,1632.2
34023,836297,308.91,2621.6
34025,629279,468.79,1344.7
34027,499727,460.18,1069.8
34029,586301,628.78,917
34031,508856,184.59,2715.3
34033,64715,331.9,199.1
34035,332568,301.81,1071.7
34037,144909,519.01,287.6
34039,552939,102.86,5216.1
34041,106917,356.92,304.5
35000,2085572,121298.15,17
35001,675551,1160.83,570.8
35003,3556,6923.69,0.5
35005,65878,6065.28,10.8
35006,27349,4539.48,6
35007,12680,3758.06,3.7
35009,50969,1404.8,34.4
35011,1825,2322.62,0.9
35013,213676,3807.51,55
35015,56395,4175.73,12.9
35017,29096,3961.63,7.4
35019,4468,3030.48,1.5
35021,683,2125.44,0.3
35023,4560,3436.86,1.4
35025,69999,4390.93,14.7
35027,19706,4831.09,4.2
35028,17682,109.17,164.4
35029,24673,2965.19,8.5
35031,74098,5449.81,13.1
35033,4592,1931.27,2.5
35035,65082,6613.21,9.6
35037,8501,2874.35,3.1
35039,39777,5860.84,6.9
35041,19536,2447.43,8.1
35043,137608,3710.65,35.5
35045,123785,5513.07,23.6
35047,28239,4715.82,6.2
35049,148164,1909.41,75.5
35051,11325,4178.96,2.9
35053,17310,6646.68,2.7
35055,33084,2203.11,15
35057,15611,3344.85,4.9
35059,4297,3823.74,1.2
35061,75817,1066.18,71.8
36000,19746227,47126.4,411.2
36001,308171,522.8,581.9
36003,47736,1029.31,47.6
36005,1438159,42.1,32903.6
36007,197349,705.77,284.2
36009,78600,1308.35,61.4
36011,78823,691.58,115.7
36013,132053,1060.23,127.2
36015,87770,407.35,218.1
36017,49426,893.55,56.5
36019,81632,1037.85,79.1
36021,62122,634.71,99.4
36023,49024,498.76,98.9
36025,46581,1442.44,33.3
36027,296579,795.63,373.9
36029,922835,1042.69,881.4
36031,38679,1794.23,21.9
36033,51262,1629.12,31.7
36035,54105,495.47,112.1
36037,59162,492.94,121.9
36039,47967,647.16,76.1
36041,4715,1717.37,2.8
36043,63744,1411.47,45.7
36045,119103,1268.59,91.6
36047,2621793,70.82,35369.1
36049,27220,1274.68,21.3
36051,64586,631.76,103.5
36053,72369,654.84,112.2
36055,749857,657.21,1132.6
36057,49779,403.04,124.6
36059,1358627,284.72,4704.8
36061,1636268,22.83,69467.5
36063,213525,522.36,414.4
36065,232871,1212.43,193.7
36067,468196,778.39,600
36069,109707,644.07,167.6
36071,376099,811.69,459.3
36073,41984,391.26,109.6
36075,120913,951.65,128.3
36077,61128,1001.7,62.2
36079,99487,230.31,432.9
36081,2321580,108.53,20553.6
36083,159774,652.43,244.4
36085,473279,58.37,8030.3
36087,323866,173.55,1795.9
36089,111400,2680.38,41.8
36091,224921,809.98,271.1
36093,155735,204.52,756.6
36095,31566,621.82,52.7
36097,18479,328.33,55.9
36099,34884,323.71,108.9
36101,98394,1390.56,71.2
36103,1502968,912.05,1637.4
36105,75943,968.13,80.1
36107,49870,518.6,98.6
36109,104691,474.65,214
36111,180445,1124.24,162.3
36113,64973,866.95,75.8
36115,62372,831.18,76.1
36117,92051,603.83,155.3
36119,972634,430.5,2204.7
36121,41188,592.75,71.1
36123,25208,338.14,75
37000,9943964,48617.91,196.1
37001,155792,423.94,356.5
37003,37392,259.99,143.1
37005,10879,235.06,47.5
37007,25765,531.45,50.7
37009,27126,426.14,64
37011,17773,247.09,72
37013,47585,827.19,57.7
37015,20106,699.27,30.4
37017,34657,874.33,40.2
37019,118836,846.97,126.8
37021,250539,656.67,362.9
37023,89486,507.1,179.3
37025,192103,361.75,492.1
37027,81484,471.57,176.1
37029,10331,240.56,41.5
37031,68811,506.25,131.3
37033,23082,424.92,55.8
37035,154534,398.72,387.1
37037,68698,682.19,93.1
37039,27141,455.43,60.3
37041,14572,172.47,85.8
37043,10581,214.75,49.3
37045,97076,464.25,211.3
37047,56953,937.29,62
37049,104510,708.96,146
37051,326328,652.32,489.7
37053,24976,261.85,89.9
37055,35104,383.42,88.5
37057,164072,552.68,294.7
37059,41434,264.11,156.2
37061,59882,816.22,71.7
37063,294460,285.98,935.7
37065,54933,505.34,111.9
37067,365298,408.15,859.2
37069,62860,491.68,123.3
37071,211127,356.03,578.8
37073,11567,340.45,35.8
37075,8644,292.08,30.3
37077,58500,531.57,112.7
37079,21093,265.93,80.3
37081,512119,645.7,756.4
37083,52970,724.09,75.5
37085,126666,594.99,192.7
37087,59471,553.69,106.6
37089,111149,373.07,286.1
37091,24308,353.06,69.9
37093,51611,390.74,120.2
37095,5676,612.7,9.5
37097,166675,573.83,277.8
37099,40981,490.76,82.1
37101,181423,791.3,213.4
37103,10076,470.71,21.6
37105,59662,254.96,227
37107,58485,400.59,148.5
37109,79829,297.94,262.7
37111,44965,440.61,102.1
37113,33875,515.56,65.8
37115,21157,449.57,46.2
37117,23454,461.22,53.1
37119,1012539,523.84,1755.5
37121,15311,221.43,70.4
37123,27395,491.76,56.5
37125,93077,697.84,126.5
37127,94357,540.41,177.3
37129,216298,191.53,1058.1
37131,20463,536.59,41.2
37133,187589,762.74,233.1
37135,140420,397.96,336.2
37137,12948,336.54,39.1
37139,39787,226.88,179.2
37141,56250,869.8,60
37143,13466,247.09,54.4
37145,39132,392.32,100.6
37147,175354,651.98,257.9
37149,20357,237.79,86.3
37151,142778,782.52,181.1
37153,45733,473.82,98.4
37155,134760,949.22,141.3
37157,91696,565.55,165.6
37159,138630,511.37,270.7
37161,66600,564.15,120.2
37163,64050,944.74,67.1
37165,35576,318.85,113.4
37167,60600,395.09,153.3
37169,46419,448.86,105.6
37171,72968,532.17,138.4
37173,14274,528,26.5
37175,33045,378.53,87.4
37177,4115,389.04,11.3
37179,218568,631.52,318.7
37181,44614,253.52,179.2
37183,998691,835.22,1078.8
37185,20231,428.46,48.9
37187,12570,348.14,38
37189,52560,312.56,163.4
37191,124456,553.09,221.7
37193,68838,754.28,91.9
37195,81401,368.17,220.6
37197,37792,334.83,114.7
37199,17614,312.6,57
38000,739482,69000.8,9.7
38001,2384,987.62,2.4
38003,11144,1491.55,7.4
38005,6833,1388.71,4.8
38007,901,1148.85,0.7
38009,6650,1668.42,3.9
38011,3247,1161.81,2.7
38013,2245,1103.57,1.8
38015,90503,1632.65,49.8
38017,167005,1764.94,84.9
38019,3855,1488.75,2.7
38021,5150,1131.47,4.7
38023,2432,1260.79,1.6
38025,4399,2008.46,1.8
38027,2377,630.17,3.8
38029,3422,1510.44,2.4
38031,3362,635.45,5.3
38033,1825,1000.79,1.7
38035,70138,1436.38,46.5
38037,2361,1659.14,1.4
38039,2319,708.82,3.4
38041,2660,1132.22,2.2
38043,2424,1351.19,1.8
38045,4149,1145.94,3.6
38047,1944,992.82,2
38049,5988,1873.95,2.9
38051,2801,974.73,2.9
38053,10996,2760.32,2.3
38055,9578,2110.88,4.2
38057,8746,1042.96,8.1
38059,29822,1926.27,14.3
38061,9782,1825.3,4.2
38063,3045,981.78,3.2
38065,1850,722.51,2.6
38067,7128,1118.69,6.6
38069,4404,1018.6,4.3
38071,11564,1186.85,9.6
38073,5446,862.36,6.3
38075,2587,877.05,2.8
38077,16432,1435.78,11.4
38079,14616,903.08,15.4
38081,3931,858.51,4.5
38083,1326,972.38,1.4
38085,4422,1094.09,3.8
38087,765,1214.92,0.6
38089,30372,1334.74,18.1
38091,1955,712.22,2.8
38093,21129,2221.72,9.5
38095,2310,1024.56,2.2
38097,8082,861.95,9.4
38099,10970,1281.93,8.7
38101,69384,2013.28,30.6
38103,4192,1271.05,3.3
38105,32130,2077.4,10.8
39000,11594163,40860.69,282.3
39001,28129,583.87,48.9
39003,105040,402.5,264.2
39005,53035,422.95,125.6
39007,99175,701.93,144.6
39009,64713,503.6,128.6
39011,45841,401.39,114.5
39013,69461,532.13,132.3
39015,44116,490.02,91.5
39017,374158,467.06,788.2
39019,28187,394.61,73.1
39021,39128,428.67,93.5
39023,136554,397.47,348
39025,201560,452.1,436.5
39027,41835,408.68,102.9
39029,105686,531.89,202.7
39031,36516,563.91,65.4
39033,42480,401.79,109
39035,1259828,457.19,2800
39037,52196,598.1,88.5
39039,38510,411.46,94.9
39041,189113,443.1,393.2
39043,75828,251.56,306.4
39045,150381,504.41,289.8
39047,28800,406.36,71.4
39049,1231393,532.19,2186.1
39051,42580,405.44,105.3
39053,30397,466.53,66.3
39055,94295,400.16,233.4
39057,163820,413.73,390.5
39059,39590,522.25,76.8
39061,806631,405.91,1976.7
39063,75337,531.36,140.7
39065,31796,470.41,68.1
39067,15543,402.34,39.4
39069,27937,416.01,67.8
39071,43045,553.08,78.8
39073,28725,421.32,69.7
39075,43898,422.53,100.3
39077,58714,491.5,121.3
39079,32748,420.3,79
39081,67694,408.33,170.7
39083,61167,525.49,115.9
39085,229230,227.49,1011.2
39087,61623,453.37,137.7
39089,169390,682.5,243.9
39091,45507,458.43,100
39093,304216,491.1,613.6
39095,435286,340.86,1296.2
39097,43918,465.88,93.2
39099,233204,411.62,580.2
39101,65720,403.76,164.7
39103,176029,421.36,409
39105,23331,430.1,55.3
39107,40831,462.45,88.3
39109,103900,406.58,252.1
39111,14465,455.72,32.1
39113,533116,461.55,1159.5
39115,14843,416.42,36.2
39117,35152,406.08,85.8
39119,85818,664.58,129.5
39121,14363,398.01,36.8
39123,41154,254.92,162.5
39125,18989,416.44,47.1
39127,35812,407.97,88.4
39129,56876,501.32,111.1
39131,28256,440.28,65.2
39133,161882,487.38,331.2
39135,41586,424.12,99.7
39137,34171,482.52,71.5
39139,121942,495.27,251.3
39141,77159,689.19,113.3
39143,60179,408.45,149.2
39145,77258,610.21,130.3
39147,55669,551.02,103
39149,48951,407.68,121.2
39151,375736,575.27,652.9
39153,541943,412.75,1312.6
39155,205175,618.3,340.1
39157,92788,567.64,163.1
39159,53776,431.73,121.1
39161,28462,409.16,70.3
39163,13234,412.36,32.6
39165,221659,401.31,530
39167,61213,631.97,97.8
39169,115537,554.93,206.4
39171,37291,420.97,89.4
39173,129590,617.21,203.3
39175,22353,406.87,55.6
40000,3878051,68594.92,54.7
40001,22186,573.48,39.6
40003,5790,866.46,6.5
40005,13796,975.52,14.5
40007,5486,1814.67,3.1
40009,23691,901.81,24.5
40011,9917,928.42,12.9
40013,44486,904.47,46.9
40015,29317,1278.29,23.2
40017,129582,896.63,128.9
40019,48821,822.18,57.8
40021,48341,749.41,62.7
40023,15161,770.36,19.7
40025,2294,1834.74,1.3
40027,269908,538.77,474.7
40029,5807,516.68,11.5
40031,125033,1069.29,116.1
40033,6150,632.65,9.8
40035,14582,761.35,19.7
40037,70632,950.14,73.6
40039,29500,988.82,27.8
40041,41446,738.18,56.2
40043,4914,999.48,4.8
40045,4150,1231.52,3.4
40047,63091,1058.47,57.2
40049,27561,802.12,34.4
40051,53854,1100.5,47.6
40053,4501,1000.87,4.5
40055,6151,639.32,9.8
40057,2798,537.19,5.4
40059,3812,1039.02,3.5
40061,12896,576.52,22.1
40063,13806,804.65,17.4
40065,25998,802.65,32.9
40067,6292,758.83,8.5
40069,11103,642.94,17
40071,45478,919.73,50.6
40073,15532,898.16,16.7
40075,9336,1015.23,9.3
40077,10693,722.08,15.4
40079,49761,1589.21,31.7
40081,34619,952.31,36
40083,45276,743.83,56.3
40085,9773,514,18.3
40087,37313,570.7,60.5
40089,33050,1850.01,17.9
40091,20088,618.5,32.7
40093,7750,954.99,7.9
40095,16182,371.08,42.7
40097,40816,655.39,63
40099,13803,416.46,32.4
40101,69966,810.45,87.6
40103,11494,731.9,15.8
40105,10524,565.78,18.6
40107,12186,618.57,19.7
40109,766215,708.82,1013.8
40111,39095,697.35,57.5
40113,47981,2246.36,21.1
40115,32105,470.82,67.6
40117,16401,567.96,29.2
40119,80264,684.7,113
40121,44626,1305.46,35.1
40123,38005,720.44,52
40125,71811,787.67,88.2
40127,11125,1395.84,8.3
40129,3761,1141.14,3.2
40131,89815,675.63,128.6
40133,25421,632.84,40.3
40135,41358,673.27,63
40137,44493,870.24,51.8
40139,21853,2041.26,10.1
40141,7628,871.13,9.2
40143,629598,570.25,1058.1
40145,75702,561.56,130.1
40147,51937,415.45,122.7
40149,11547,1003.17,11.6
40151,9288,1286.45,6.9
40153,21529,1242.4,16.2
41000,3970239,95988.01,39.9
41001,16059,3068.36,5.3
41003,86316,675.94,126.6
41005,394972,1870.32,201
41007,37474,829.05,44.7
41009,49459,657.36,75.1
41011,62475,1596.17,39.5
41013,20998,2979.09,7
41015,22335,1627.46,13.7
41017,170388,3018.19,52.3
41019,106972,5036.08,21.4
41021,1932,1204.81,1.6
41023,7180,4528.54,1.6
41025,7126,10133.17,0.7
41027,22885,521.95,42.8
41029,210287,2783.55,73
41031,22192,1780.79,12.2
41033,83599,1639.67,50.4
41035,65455,5941.05,11.2
41037,7838,8138.98,1
41039,358337,4553.12,77.2
41041,46406,979.77,47
41043,119356,2290.13,50.9
41045,30359,9887.53,3.2
41047,326110,1182.33,266.7
41049,11187,2031.61,5.5
41051,776712,431.3,1704.9
41053,77916,740.79,101.8
41055,1710,823.69,2.1
41057,25342,1102.58,22.9
41059,76705,3215.51,23.6
41061,25691,2036.61,12.6
41063,6820,3146.19,2.2
41065,25515,2381.52,10.6
41067,562998,724.23,731.4
41069,1375,1714.75,0.8
41071,101758,715.86,138.6
42000,12787209,44742.7,283.9
42001,101714,518.67,195.5
42003,1231255,730.08,1675.6
42005,67785,653.2,105.5
42007,169392,434.71,392.3
42009,48946,1012.3,49.2
42011,413691,856.51,480.4
42013,125955,525.8,241.7
42015,61784,1147.4,54.6
42017,626685,604.31,1034.7
42019,185943,788.6,233.1
42021,137732,688.35,208.7
42023,4805,396.23,12.8
42025,64441,381.46,171.1
42027,158742,1109.92,138.7
42029,512784,750.51,664.7
42031,38821,600.83,66.6
42033,81191,1144.72,71.3
42035,39745,887.98,44.2
42037,67122,483.11,139.3
42039,87175,1012.3,87.7
42041,243762,545.46,431.6
42043,271453,525.05,510.6
42045,562960,183.84,3040.5
42047,31194,827.36,38.6
42049,278443,799.15,351.1
42051,134086,790.34,172.8
42053,7518,427.19,18.1
42055,152892,772.22,193.7
42057,14632,437.55,33.9
42059,37843,575.95,67.2
42061,45750,874.64,52.5
42063,87706,827.03,107.5
42065,44638,652.43,69.3
42067,24796,391.35,63
42069,212719,459.08,467.1
42071,533320,943.81,550.4
42073,88771,358.18,254.4
42075,136359,361.83,369.1
42077,357823,345.17,1012.5
42079,318829,890.33,360.4
42081,116508,1228.59,94.5
42083,42554,979.2,44.4
42085,114884,672.58,173.4
42087,46552,411.03,113.6
42089,166314,608.29,279.2
42091,816857,483.04,1655.9
42093,18641,130.24,140.3
42095,300654,369.67,805.4
42097,93944,458.37,206.2
42099,45634,551.45,83.4
42101,1560297,134.1,11379.5
42103,56191,544.96,105.3
42105,17206,1081.32,16.1
42107,145797,778.63,190.4
42109,40323,328.71,120.8
42111,76218,1074.37,72.4
42113,6339,449.94,14.3
42115,41920,823.44,52.7
42117,42274,1133.79,37
42119,44874,315.98,142.2
42121,53529,674.28,81.5
42123,40703,884.14,47.3
42125,208187,856.99,242.5
42127,51401,725.6,72.8
42129,359320,1027.55,355.4
42131,28131,397.32,71.2
42133,440755,904.18,481.1
44000,1055173,1033.81,1018.1
44001,49060,24.16,2064
44003,165128,168.53,985.9
44005,82358,102.39,809.6
44007,631974,409.5,1530.3
44009,126653,329.24,385.7
45000,4832482,30060.7,153.9
45001,24965,490.48,51.8
45003,164753,1071.03,149.5
45005,9695,408.09,25.5
45007,192810,715.43,261.6
45009,15182,393.37,40.6
45011,21959,548.39,41.2
45013,175852,576.28,281.5
45015,198205,1098.86,161.8
45017,14878,381.15,39.8
45019,381015,916.09,382.3
45021,56024,392.66,140.9
45023,32337,580.66,57.1
45025,46125,799.08,58.5
45027,34113,606.94,57.6
45029,37771,1056.49,36.8
45031,67799,561.15,122.4
45033,31127,404.87,79.2
45035,148469,573.23,238.2
45037,26553,500.41,53.9
45039,22976,686.28,34.9
45041,139231,799.96,171.1
45043,60773,813.55,73.9
45045,482752,785.12,574.7
45047,69520,454.73,153.2
45049,20405,559.9,37.7
45051,298832,1133.9,237.5
45053,27170,655.32,37.8
45055,63161,726.56,84.9
45057,83160,549.16,139.6
45059,66533,713.8,93.2
45061,18343,410.18,46.9
45063,277888,698.91,375.4
45065,9846,359.13,28.5
45067,31933,489.23,67.6
45069,27924,479.67,60.3
45071,37783,630.04,59.5
45073,75192,626.33,118.6
45075,90090,1106.1,83.6
45077,120368,496.41,240.2
45079,401566,757.07,507.9
45081,20026,452.78,43.9
45083,293542,807.93,351.9
45085,107919,665.07,161.6
45087,27876,514.17,56.3
45089,32695,934.16,36.8
45091,245346,680.6,332.2
46000,853175,75811,10.7
46003,2745,708.43,3.8
46005,18169,1258.71,13.8
46007,3430,1184.71,2.9
46009,7023,563.7,12.5
46011,33314,792.21,40.3
46013,38408,1712.98,21.3
46015,5309,817.24,6.4
46017,2077,471.38,4.1
46019,10298,2249.9,4.5
46021,1386,733.68,2
46023,9287,1097.49,8.3
46025,3645,957.6,3.9
46027,13932,412.19,33.6
46029,27938,688.5,39.5
46031,4182,2469.69,1.6
46033,8445,1557,5.3
46035,19885,435.56,44.8
46037,5588,1027.87,5.6
46039,4312,622.69,7
46041,5662,2302.49,2.3
46043,2973,431.8,7
46045,3983,1125.96,3.6
46047,6845,1739.92,4.1
46049,2357,981.75,2.4
46051,7241,681.46,10.8
46053,4217,1014.96,4.2
46055,1847,1810.53,1.1
46057,5989,507.23,11.6
46059,3345,1436.61,2.4
46061,3419,434.51,7.7
46063,1250,2671.38,0.5
46065,17642,741.56,23
46067,7200,812.9,9
46069,1396,860.52,1.7
46071,3274,1863.91,1.6
46073,2007,526.23,3.9
46075,975,969.68,1
46077,5075,832.24,6.2
46079,12368,563.28,19.9
46081,24657,800.04,30.1
46083,51548,577.28,77.7
46085,3877,1641.94,2.3
46087,5649,574.2,9.8
46089,2429,1136.64,2.2
46091,4683,838.07,5.6
46093,26951,3470.98,7.3
46095,2100,1307.31,1.6
46097,2316,570.31,4.2
46099,182882,807.15,210
46101,6367,519.39,12.5
46103,108242,2776.55,36.4
46105,3033,2870.48,1
46107,2340,861.14,2.7
46109,10374,1101.04,9.2
46111,2336,569.32,4.1
46113,14218,2093.9,6.5
46115,6598,1503.93,4.3
46117,2983,1444.43,2.1
46119,1438,1006.82,1.4
46121,9882,1388.56,6.9
46123,5512,1612.45,3.5
46125,8272,617.06,13.5
46127,15029,460.54,31.3
46129,5511,708.63,7.7
46135,22684,521.16,43.1
46137,2826,1961.27,1.4
47000,6549352,41234.9,153.9
47001,75528,337.16,222.8
47003,46627,473.64,95.1
47005,16145,394.14,41.8
47007,13931,406.43,31.7
47009,126339,558.71,220.2
47011,102975,328.76,301
47013,39918,480.19,84.8
47015,13757,265.64,52
47017,28370,599.25,47.6
47019,56886,341.2,168.3
47021,39764,302.44,129.3
47023,17379,285.74,60
47025,31592,434.58,74.1
47027,7765,236.54,33.2
47029,35374,434.57,82.1
47031,53623,428.96,123.1
47033,14668,265.54,54.9
47035,57985,681.03,82.3
47037,668347,504.03,1243.3
47039,11666,333.85,35.2
47041,19268,304.35,61.5
47043,50575,489.9,101.4
47045,37935,512.33,74.8
47047,39011,704.79,54.5
47049,17855,498.61,36
47051,41402,554.54,74
47053,49472,602.74,82.4
47055,28853,610.93,48.3
47057,22864,280.6,80.7
47059,68335,622.17,110.6
47061,13425,360.53,38
47063,63036,161.18,388
47065,351220,542.43,620.3
47067,6657,222.34,30.7
47069,25965,667.77,40.8
47071,25870,577.32,45.1
47073,56735,486.98,116.7
47075,18185,533.11,35.2
47077,28009,520.07,53.4
47079,32204,562.1,57.5
47081,24384,612.5,40.3
47083,8267,200.29,42.1
47085,18135,530.98,34.9
47087,11568,308.32,37.7
47089,52677,274.08,187.6
47091,17859,298.48,61.1
47093,448644,508.22,850.5
47095,7631,165.78,47.2
47097,27382,471.99,58.9
47099,42274,617.13,67.8
47101,11906,282.09,43.1
47103,33637,570.34,58.5
47105,50771,229.22,211.8
47107,52626,430.13,121.5
47109,26267,562.86,46.3
47111,23003,307.14,72.4
47113,98178,557.12,176.4
47115,28407,498.16,56.7
47117,31269,375.46,81.5
47119,85515,613.14,132
47121,11701,195.12,60.2
47123,45233,635.57,70
47125,189961,539.18,319.6
47127,6319,129.22,49.2
47129,21660,522.18,42.1
47131,30941,544.73,58.4
47133,22028,433.48,50.9
47135,7822,414.73,19.1
47137,5124,162.98,31.2
47139,16730,434.68,38.7
47141,74165,401.1,180.3
47143,32641,315.38,100.9
47145,52748,360.71,150.2
47147,68079,476.29,139.2
47149,288906,619.36,424
47151,21987,532.3,41.8
47153,14704,265.86,53.1
47155,95110,592.5,151.7
47157,938803,763.17,1215.5
47159,19009,314.29,61
47161,13279,459.33,29
47163,157047,413.36,379.4
47165,172706,529.45,303.4
47167,61623,458.37,133.3
47169,8002,114.19,68.9
47171,17963,186.17,98.4
47173,19113,223.55,85.5
47175,5633,273.42,20.3
47177,39969,432.68,92.1
47179,126242,326.47,376.7
47181,16913,734.1,23.2
47183,34373,580.36,60.3
47185,26301,376.67,68.6
47187,205226,582.6,314.4
47189,125376,570.83,199.7
48000,26956958,261231.71,96.3
48001,57627,1062.6,55
48003,17477,1500.71,9.9
48005,87750,797.78,108.8
48007,24972,252.07,91.9
48009,8811,903.11,10
48011,1955,909.11,2.1
48013,47774,1219.54,36.8
48015,29114,646.51,44
48017,6910,826.8,8.7
48019,20892,790.96,25.9
48021,78069,888.15,83.5
48023,3592,867.48,4.3
48025,32863,880.24,36.2
48027,329140,1051.02,295.2
48029,1855866,1239.82,1383.1
48031,10812,709.25,14.8
48033,652,897.44,0.7
48035,17780,982.98,18.5
48037,93275,885.01,104.6
48039,338124,1357.7,230.7
48041,209152,585.45,332.8
48043,9173,6183.73,1.5
48045,1536,900,1.8
48047,7194,943.36,7.7
48049,37653,944.43,40.3
48051,17253,659.03,26.1
48053,44943,994.26,43
48055,39810,545.26,69.8
48057,21797,506.84,42.2
48059,13513,899.37,15.1
48061,420392,890.92,456
48063,12621,195.83,63.3
48065,6013,920.22,6.7
48067,30261,936.96,32.5
48069,7781,894.43,9
48071,38145,597.14,58.8
48073,50902,1052.91,48.3
48075,7089,696.41,10.1
48077,10370,1088.72,9.9
48079,2935,775.15,4
48081,3254,911.47,3.6
48083,8430,1261.95,7
48085,885241,841.23,930
48087,3017,918.44,3.3
48089,20719,960.27,21.7
48091,123694,559.48,193.9
48093,13550,937.75,14.9
48095,4050,983.8,4.2
48097,38761,874.76,43.9
48099,75562,1052.07,71.7
48101,1415,900.56,1.7
48103,4950,785.07,5.6
48105,3812,2807.33,1.3
48107,5899,900.2,6.7
48109,2266,3812.8,0.6
48111,7135,1503.26,4.5
48113,2518638,871.28,2718
48115,13372,900.31,15.4
48117,19195,1496.87,12.9
48119,5238,256.83,20.4
48121,753363,878.43,754.3
48123,20684,908.98,22.1
48125,2218,901.72,2.7
48127,11089,1328.88,7.5
48129,3543,926.89,4
48131,11533,1793.48,6.6
48133,18176,926.49,20.1
48135,153904,897.69,152.8
48137,1879,2117.86,0.9
48139,159317,935.49,159.9
48141,833487,1012.69,790.6
48143,40147,1083.07,35
48145,16989,765.48,23.3
48147,33752,890.84,38.1
48149,24833,950.01,25.8
48151,3831,898.94,4.4
48153,5949,992.14,6.5
48155,1275,704.4,1.9
48157,685345,861.48,679.5
48159,10600,284.39,37.3
48161,19762,877.74,22.6
48163,18531,1133.5,15.2
48165,19425,1502.38,11.7
48167,314198,378.36,769.9
48169,6435,893.41,7.2
48171,25520,1058.21,23.5
48173,1291,900.22,1.4
48175,7549,852.01,8.5
48177,20462,1066.69,18.6
48179,23044,925.97,24.3
48181,123534,932.8,129.6
48183,123204,273.3,445.4
48185,27172,787.46,33.8
48187,147250,711.3,184.9
48189,34720,1004.68,36.1
48191,3147,883.49,3.8
48193,8199,835.91,10.2
48195,5509,919.81,6.1
48197,3928,695.11,6
48199,55621,890.57,61.3
48201,4441370,1703.48,2402.4
48203,67336,899.95,72.9
48205,6089,1462.03,4.1
48207,5769,903.13,6.5
48209,185025,677.98,231.7
48211,4180,906.29,4.2
48213,79290,873.75,89.9
48215,831073,1570.87,493.2
48217,34848,958.86,36.6
48219,23577,908.39,25.2
48221,53921,420.64,121.7
48223,35921,767.17,45.8
48225,22741,1230.91,19.3
48227,36651,900.79,38.9
48229,3211,4570.98,0.8
48231,88493,840.32,102.5
48233,21773,887.42,25
48235,1574,1051.56,1.5
48237,8855,910.66,9.9
48239,14739,829.44,17
48241,35552,938.85,38
48243,2204,2264.56,1
48245,252235,876.3,287.9
48247,5255,1136.14,4.7
48249,41353,864.97,47.2
48251,157456,724.69,208.3
48253,19936,928.55,21.8
48255,14906,747.56,19.8
48257,111236,780.7,132.4
48259,38880,662.45,50.4
48261,400,1458.33,0.3
48263,785,902.51,0.9
48265,50562,1103.32,45
48267,4438,1250.99,3.7
48269,262,910.87,0.3
48271,3526,1360.06,2.6
48273,32190,881.31,36.4
48275,3858,850.62,4.4
48277,49523,907.19,54.9
48279,13574,1016.18,13.8
48281,20156,712.84,27.6
48283,7474,1486.69,4.6
48285,19721,969.71,19.9
48287,16742,629.02,26.4
48289,16861,1073.15,15.7
48291,78117,1158.42,65.3
48293,23524,905.29,25.8
48295,3553,932.18,3.5
48297,12091,1039.7,11.1
48299,19510,934.03,20.7
48301,86,668.93,0.1
48303,293974,895.6,311.3
48305,5771,891.87,6.6
48307,8199,1065.6,7.8
48309,243441,1037.1,226.5
48311,805,1139.43,0.6
48313,13861,466.07,29.3
48315,10149,380.88,27.7
48317,5460,914.94,5.2
48319,4071,928.8,4.3
48321,36519,1100.28,33.4
48323,57023,1279.26,42.4
48325,47894,1325.36,34.7
48327,2147,902.03,2.5
48329,155830,900.3,152
48331,24256,1016.93,24.3
48333,4870,748.26,6.6
48335,9076,911.09,10.3
48337,19416,930.91,21.2
48339,518947,1041.74,437.5
48341,22148,899.69,24.3
48343,12743,251.99,51.3
48345,1153,989.56,1.2
48347,65301,946.54,68.2
48349,48195,1009.63,47.3
48351,14138,933.68,15.5
48353,15093,912,16.7
48355,356221,838.48,405.8
48357,10758,917.63,11.1
48359,2070,1500.53,1.4
48361,83433,333.67,245.3
48363,28096,951.79,29.5
48365,23769,801.75,29.7
48367,123164,903.48,129.4
48369,9908,880.78,11.7
48371,15893,4763.85,3.3
48373,46079,1057.09,43
48375,121627,908.37,133.3
48377,6976,3855.24,2
48379,11032,229.45,47.6
48381,128220,911.54,132.4
48383,3755,1175.3,2.9
48385,3371,699.2,4.7
48387,12446,1036.58,12.4
48389,14349,2635.38,5.2
48391,7302,770.44,9.6
48393,928,924.06,1
48395,16500,855.68,19.4
48397,87809,127.04,616.7
48399,10416,1050.95,10
48401,53923,924.03,57.7
48403,10350,491.39,22
48405,8610,530.66,16.7
48407,27099,569.24,46.3
48409,66915,693.45,93.5
48411,5622,1135.3,5.4
48413,3162,1310.63,2.6
48415,17328,905.44,18.7
48417,3343,914.29,3.7
48419,25515,795.58,32
48421,3084,923.04,3.3
48423,218842,921.45,227.6
48425,8694,186.46,45.5
48427,62955,1223.18,49.8
48429,9405,896.72,10.7
48431,1339,923.45,1.2
48433,1403,916.31,1.6
48435,3972,1453.93,2.8
48437,7581,890.16,8.8
48439,1945360,863.61,2094.7
48441,135143,915.55,143.6
48443,927,2358.03,0.4
48445,12739,888.84,14.2
48447,1608,912.55,1.8
48449,32506,406.05,79.6
48451,116608,1521.97,72.4
48453,1151145,990.2,1034.4
48455,14224,693.61,21
48457,21418,924.5,23.5
48459,40354,582.95,67.4
48461,3454,1241.32,2.7
48463,27117,1551.95,17
48465,48974,3144.75,15.5
48467,52910,842.56,62.4
48469,91081,882.14,98.4
48471,69789,784.17,86.5
48473,46820,513.43,84.1
48475,11625,835.6,12.8
48477,34438,603.95,55.8
48479,266673,3361.48,74.5
48481,41168,1086.15,38
48483,5714,914.52,5.9
48485,132355,627.78,209.5
48487,12973,970.84,13.9
48489,21903,590.55,37.5
48491,489250,1118.3,378
48493,46402,803.73,53.4
48495,7821,841.11,8.5
48497,61638,904.42,65.4
48499,42852,645.23,65
48501,8286,799.71,9.9
48503,18350,914.47,20.3
48505,14319,998.41,14
48507,12267,1297.41,9
49000,2942902,82169.62,33.6
49001,6461,2589.88,2.6
49003,51518,5745.55,8.7
49005,118343,1164.81,96.7
49007,20660,1478.49,14.5
49009,1117,696.98,1.5
49011,329692,298.78,1025.8
49013,20380,3240.95,5.7
49015,10631,4462.31,2.5
49017,5024,5175.12,1
49019,9429,3671.54,2.5
49021,47269,3296.68,14
49023,10486,3392.28,3
49025,7254,3990.23,1.8
49027,12606,6572.43,1.9
49029,10608,609.2,15.5
49031,1484,757.79,2.1
49033,2293,1028.78,2.2
49035,1091742,742.28,1387.1
49037,15251,7819.99,1.9
49039,28477,1590.15,17.5
49041,20773,1910.58,10.9
49043,39105,1871.71,19.4
49045,61598,6941.35,8.4
49047,36867,4479.69,7.3
49049,560974,2003.45,257.8
49051,27714,1175.5,20
49053,151948,2426.36,56.9
49055,2723,2460.68,1.1
49057,240475,576.08,401.4
50000,626562,9216.66,67.9
50001,37009,766.33,48
50003,36445,674.98,55
50005,30981,648.86,48.1
50007,160531,536.58,291.7
50009,6125,663.6,9.5
50011,48642,633.71,75.3
50013,6994,81.81,85.2
50015,25082,458.8,53.3
50017,28859,687.03,42.1
50019,27082,693.27,39.3
50021,60086,929.82,66.3
50023,58998,687.23,86.6
50025,43714,785.31,56.7
50027,56014,969.34,58.5
51000,8326289,39490.09,202.6
51001,33021,449.5,73.8
51003,104489,720.7,137.3
51005,15820,445.46,36.5
51007,12855,355.27,35.7
51009,32041,473.93,68.3
51011,15279,333.49,44.9
51013,226908,25.97,7993.6
51015,73862,967,76.3
51017,4563,529.16,8.9
51019,76583,753.02,91.2
51021,6625,357.73,19.1
51023,33100,541.2,61.2
51025,16498,566.17,30.8
51027,23106,502.76,47.9
51029,16913,579.66,29.6
51031,54885,503.87,108.8
51033,29778,527.51,54.1
51035,29621,474.69,63.3
51036,7023,182.82,39.7
51037,12225,475.27,26.5
51041,332499,423.3,747.1
51043,14423,176.18,79.7
51045,5234,329.53,15.7
51047,49166,379.23,123.1
51049,9827,297.46,33.8
51051,15308,330.53,48.1
51053,27859,503.72,55.6
51057,11103,257.12,43.4
51059,1137538,390.97,2766.8
51061,68248,647.45,100.7
51063,15578,380.42,40.2
51065,26092,286.01,89.8
51067,56358,690.43,81.3
51069,82377,413.5,189.4
51071,16815,355.78,48.6
51073,37141,217.81,169.2
51075,21936,281.42,77.2
51077,15093,442.18,35.1
51079,19031,156.25,117.8
51081,11681,295.23,41.5
51083,35200,817.84,44.3
51085,101918,468.54,213.1
51087,321924,233.7,1313.4
51089,52081,382.33,141.6
51091,2248,415.16,5.6
51093,36007,315.61,111.8
51095,72583,142.44,470.4
51097,7175,315.14,22
51099,25371,179.64,131.3
51101,16186,273.94,58.2
51103,11044,133.25,85.5
51105,24951,435.52,58.8
51107,363050,515.56,605.8
51109,34348,496.3,66.8
51111,12466,431.68,29.9
51113,13157,320.68,41.5
51115,8836,85.93,104.5
51117,31192,625.49,52.3
51119,10696,130.31,84.1
51121,97244,387.01,243.9
51125,14850,470.86,31.9
51127,20021,209.73,87.9
51131,12121,211.61,58.5
51133,12251,191.3,64.5
51135,15579,314.39,50.4
51137,35026,340.78,98.2
51139,23848,310.86,77.3
51141,18264,483.1,38.3
51143,62383,968.94,65.5
51145,28449,260.22,107.8
51147,23074,349.96,66.8
51149,37333,265.16,134.7
51153,446094,336.4,1195
51155,34322,319.86,109
51157,7361,266.23,27.7
51159,8902,191.49,48.3
51161,93785,250.52,368.7
51163,22327,597.56,37.3
51165,78171,849.09,89.9
51167,28023,473.82,61
51169,22384,535.53,43.3
51171,43021,508.78,82.5
51173,31555,450.93,71.4
51175,18059,599.15,31
51177,129188,401.5,304.9
51179,139992,268.96,479.5
51181,6790,278.95,25.3
51183,11767,490.22,24.7
51185,43452,518.85,86.9
51187,38987,213.47,176
51191,54729,560.98,97.8
51193,17477,229.38,76.1
51195,39935,403.19,102.8
51197,29121,461.82,63.3
51199,66342,104.78,624.8
51510,150575,15.03,9314.3
51515,0,6.88,904.6
51520,17184,13.01,1370.6
51530,6603,6.7,991.9
51540,45593,10.24,4246.4
51550,233371,340.8,652
51570,17731,7.52,2315.3
51580,5802,5.47,1090.2
51590,42444,42.93,1002.8
51595,5462,6.89,859.7
51600,24483,6.24,3616.8
51610,13601,2,6169.1
51620,8526,8.21,1045.8
51630,28350,10.44,2326.2
51640,7014,8.24,854.6
51650,136879,51.41,2673.2
51660,52478,17.42,2808.2
51670,22196,10.28,2198
51678,7311,2.5,2820.2
51680,79047,49.13,1538.2
51683,42081,9.88,3827.6
51685,15174,2.53,5632.6
51690,13711,10.96,1261.5
51700,182965,68.71,2630
51710,245428,54.12,4486.4
51720,4031,7.48,529.1
51730,32701,22.93,1413.7
51735,12048,15.32,793.2
51740,96004,33.65,2838.8
51750,17646,9.87,1662.1
51760,217853,59.81,3414.7
51770,99428,42.56,2279.8
51775,25483,14.44,1717.9
51790,24538,19.98,1188.8
51800,86806,400.17,211.4
51810,450980,249.02,1758.9
51820,21366,15.04,1396.8
51830,14691,9.02,1559.3
51840,27543,9.23,2838
53000,7061530,66455.52,101.2
53001,19179,1924.98,9.7
53003,22189,636.21,34
53005,186486,1700.38,103
53007,74588,2920.53,24.8
53009,72715,1738.33,41.1
53011,451008,629,676.2
53013,3985,868.63,4.7
53015,102133,1140.13,89.8
53017,39804,1819.26,21.1
53019,7667,2203.16,3.4
53021,87809,1242.17,62.9
53023,2215,710.69,3.2
53025,93147,2679.51,33.3
53027,70818,1902.03,38.3
53029,79275,208.45,376.6
53031,30228,1803.7,16.6
53033,2079967,2115.57,912.9
53035,254183,394.94,635.9
53037,42522,2297.27,17.8
53039,20861,1871.31,10.9
53041,75128,2402.8,31.4
53043,10250,2310.49,4.6
53045,60711,959.42,63.3
53047,41290,5267.98,7.8
53049,20561,932.66,22.4
53051,12985,1399.99,9.3
53053,831928,1669.51,476.3
53055,16015,173.92,90.7
53057,120365,1731.2,67.5
53059,11340,1655.68,6.7
53061,759583,2087.27,341.8
53063,484318,1763.79,267.2
53065,43650,2477.77,17.6
53067,265851,721.96,349.4
53069,4067,263.38,15.1
53071,59844,1270.13,46.3
53073,208351,2106.86,95.5
53075,46827,2159.09,20.7
53077,247687,4295.4,56.6
54000,1850326,24038.21,77.1
54001,16766,341.06,48.6
54003,110497,321.14,324.4
54005,23714,501.54,49.1
54007,14463,510.81,28.4
54009,23530,89.21,269.8
54011,97109,281.02,342.8
54013,7513,279.25,27.3
54015,8941,341.9,27.5
54017,8391,319.72,25.7
54019,45132,661.55,69.6
54021,8618,338.5,25.7
54023,11687,477.37,25
54025,35450,1019.57,34.8
54027,23483,640.25,37.4
54029,30112,82.61,371.3
54031,13923,582.31,24.1
54033,68761,416.01,166.1
54035,29126,464.35,62.9
54037,55713,209.64,255.2
54039,190223,901.59,214.1
54041,16414,384.9,42.5
54043,21561,437.04,49.7
54045,35348,453.74,81
54047,20448,533.46,41.5
54049,56803,308.74,182.7
54051,32416,305.43,108.4
54053,27016,430.75,63.4
54055,61785,418.99,148.6
54057,27578,327.83,86.1
54059,25716,423.11,63.4
54061,103463,360.06,267.1
54063,13582,472.75,28.6
54065,17453,229.07,76.6
54067,25827,646.82,40.6
54069,43328,105.82,420
54071,7371,696.05,11.1
54073,7634,130.1,58.5
54075,8662,940.28,9.3
54077,33788,648.81,51.7
54079,56770,345.67,160.5
54081,78241,605.35,130.3
54083,29429,1039.68,28.3
54085,10011,451.99,23.1
54087,14664,483.56,30.9
54089,13417,360.46,38.6
54091,17069,172.77,97.8
54093,6927,418.92,17
54095,9098,256.29,35.9
54097,24731,354.64,68.4
54099,41122,505.98,84
54101,8834,553.47,16.5
54103,15988,358.06,46.3
54105,5845,232.51,24.6
54107,86237,366.26,237.4
54109,22598,499.45,47.6
55000,5757564,54157.8,105
55001,20215,645.65,32.3
55003,16103,1045.04,15.5
55005,45455,862.71,53.2
55007,14985,1477.86,10.2
55009,256670,529.71,468.2
55011,13188,671.64,20.2
55013,15328,821.85,18.8
55015,49491,318.24,153.9
55017,63460,1008.37,61.9
55019,34423,1209.82,28.7
55021,56615,765.53,74.2
55023,16392,570.66,29.2
55025,516284,1197.24,407.7
55027,88574,875.63,101.4
55029,27766,481.98,57.6
55031,43698,1304.14,33.9
55033,44305,850.11,51.6
55035,101564,637.98,154.8
55037,4481,488.2,9.1
55039,101759,719.55,141.2
55041,9127,1014.07,9.2
55043,51829,1146.85,44.7
55045,37063,583.96,63.1
55047,18836,349.44,54.5
55049,23825,762.58,31.1
55051,5917,758.17,7.8
55053,20652,987.72,20.7
55055,84395,556.47,150.4
55057,26395,766.93,34.8
55059,168068,271.99,611.9
55061,20444,342.52,60.1
55063,118011,451.69,253.8
55065,16853,633.59,26.6
55067,19410,870.64,22.9
55069,28493,878.97,32.7
55071,80160,589.08,138.3
55073,135780,1544.98,86.8
55075,41298,1399.35,29.8
55077,15050,455.6,33.8
55078,4522,357.61,11.8
55079,956406,241.4,3926
55081,45379,900.78,49.6
55083,37417,997.99,37.7
55085,35563,1112.97,32.3
55087,182006,637.52,277.2
55089,87470,233.08,370.7
55091,7335,231.98,32.2
55093,40958,573.75,71.5
55095,43437,913.96,48.4
55097,70482,800.68,87.4
55099,13675,1254.38,11.3
55101,195163,332.5,587.7
55103,17662,586.15,30.7
55105,161188,718.14,223.3
55107,14333,913.59,16.2
55109,86759,722.33,116.8
55111,63379,830.9,74.6
55113,16437,1257.31,13.2
55115,41579,893.06,47
55117,115290,511.27,225.9
55119,20540,974.88,21.2
55121,29509,732.97,39.3
55123,30362,791.58,37.6
55125,21398,856.6,25
55127,103527,555.13,184.2
55129,15694,797.11,20
55131,133251,430.7,306.2
55133,395118,549.57,709.4
55135,52066,747.71,70.1
55137,24178,626.15,39.1
55139,169511,434.49,384.3
55141,73608,793.12,94.2
56000,584153,97093.14,5.8
56001,37811,4273.84,8.5
56003,11930,3137.1,3.7
56005,48320,4802.71,9.6
56007,15854,7897.58,2
56009,14097,4254.88,3.3
56011,7248,2854.41,2.5
56013,40703,9183.81,4.4
56015,13514,2225.39,6
56017,4816,2004.09,2.4
56019,8573,4154.15,2.1
56021,96389,2685.91,34.2
56023,18567,4076.13,4.4
56025,81624,5340.35,14.1
56027,2463,2626.04,0.9
56029,28989,6942.08,4.1
56031,8799,2084.21,4.2
56033,30032,2523.99,11.5
56035,10057,4886.54,2.1
56037,45010,10426.65,4.2
56039,22930,3995.38,5.3
56041,20904,2081.26,10.1
56043,8322,2238.55,3.8
56045,7201,2398.09,3
